CVE_ENT,CVE_MUN,CVEGEO,NOM_ENT,NOM_MUN
1,1,1001,Aguascalientes,Aguascalientes
1,2,1002,Aguascalientes,Asientos
1,3,1003,Aguascalientes,Calvillo
1,4,1004,Aguascalientes,Cosío
1,5,1005,Aguascalientes,Jesús María
1,6,1006,Aguascalientes,Pabellón de Arteaga
1,7,1007,Aguascalientes,Rincón de Romos
1,8,1008,Aguascalientes,San José de Gracia
1,9,1009,Aguascalientes,Tepezalá
1,10,1010,Aguascalientes,El Llano
1,11,1011,Aguascalientes,San Francisco de los Romo
2,1,2001,Baja California,Ensenada
2,2,2002,Baja California,Mexicali
2,3,2003,Baja California,Tecate
2,4,2004,Baja California,Tijuana
2,5,2005,Baja California,Playas de Rosarito
3,1,3001,Baja California Sur,Comondú
3,2,3002,Baja California Sur,Mulegé
3,3,3003,Baja California Sur,La Paz
3,8,3008,Baja California Sur,Los Cabos
3,9,3009,Baja California Sur,Loreto
4,1,4001,Campeche,Calkiní
4,2,4002,Campeche,Campeche
4,3,4003,Campeche,Carmen
4,4,4004,Campeche,Champotón
4,5,4005,Campeche,Hecelchakán
4,6,4006,Campeche,Hopelchén
4,7,4007,Campeche,Palizada
4,8,4008,Campeche,Tenabo
4,9,4009,Campeche,Escárcega
4,10,4010,Campeche,Calakmul
4,11,4011,Campeche,Candelaria
5,1,5001,Coahuila de Zaragoza,Abasolo
5,2,5002,Coahuila de Zaragoza,Acuña
5,3,5003,Coahuila de Zaragoza,Allende
5,4,5004,Coahuila de Zaragoza,Arteaga
5,5,5005,Coahuila de Zaragoza,Candela
5,6,5006,Coahuila de Zaragoza,Castaños
5,7,5007,Coahuila de Zaragoza,Cuatro Ciénegas
5,8,5008,Coahuila de Zaragoza,Escobedo
5,9,5009,Coahuila de Zaragoza,Francisco I. Madero
5,10,5010,Coahuila de Zaragoza,Frontera
5,11,5011,Coahuila de Zaragoza,General Cepeda
5,12,5012,Coahuila de Zaragoza,Guerrero
5,13,5013,Coahuila de Zaragoza,Hidalgo
5,14,5014,Coahuila de Zaragoza,Jiménez
5,15,5015,Coahuila de Zaragoza,Juárez
5,16,5016,Coahuila de Zaragoza,Lamadrid
5,17,5017,Coahuila de Zaragoza,Matamoros
5,18,5018,Coahuila de Zaragoza,Monclova
5,19,5019,Coahuila de Zaragoza,Morelos
5,20,5020,Coahuila de Zaragoza,Múzquiz
5,21,5021,Coahuila de Zaragoza,Nadadores
5,22,5022,Coahuila de Zaragoza,Nava
5,23,5023,Coahuila de Zaragoza,Ocampo
5,24,5024,Coahuila de Zaragoza,Parras
5,25,5025,Coahuila de Zaragoza,Piedras Negras
5,26,5026,Coahuila de Zaragoza,Progreso
5,27,5027,Coahuila de Zaragoza,Ramos Arizpe
5,28,5028,Coahuila de Zaragoza,Sabinas
5,29,5029,Coahuila de Zaragoza,Sacramento
5,30,5030,Coahuila de Zaragoza,Saltillo
5,31,5031,Coahuila de Zaragoza,San Buenaventura
5,32,5032,Coahuila de Zaragoza,San Juan de Sabinas
5,33,5033,Coahuila de Zaragoza,San Pedro
5,34,5034,Coahuila de Zaragoza,Sierra Mojada
5,35,5035,Coahuila de Zaragoza,Torreón
5,36,5036,Coahuila de Zaragoza,Viesca
5,37,5037,Coahuila de Zaragoza,Villa Unión
5,38,5038,Coahuila de Zaragoza,Zaragoza
6,1,6001,Colima,Armería
6,2,6002,Colima,Colima
6,3,6003,Colima,Comala
6,4,6004,Colima,Coquimatlán
6,5,6005,Colima,Cuauhtémoc
6,6,6006,Colima,Ixtlahuacán
6,7,6007,Colima,Manzanillo
6,8,6008,Colima,Minatitlán
6,9,6009,Colima,Tecomán
6,10,6010,Colima,Villa de Álvarez
7,1,7001,Chiapas,Acacoyagua
7,2,7002,Chiapas,Acala
7,3,7003,Chiapas,Acapetahua
7,4,7004,Chiapas,Altamirano
7,5,7005,Chiapas,Amatán
7,6,7006,Chiapas,Amatenango de la Frontera
7,7,7007,Chiapas,Amatenango del Valle
7,8,7008,Chiapas,Angel Albino Corzo
7,9,7009,Chiapas,Arriaga
7,10,7010,Chiapas,Bejucal de Ocampo
7,11,7011,Chiapas,Bella Vista
7,12,7012,Chiapas,Berriozábal
7,13,7013,Chiapas,Bochil
7,14,7014,Chiapas,El Bosque
7,15,7015,Chiapas,Cacahoatán
7,16,7016,Chiapas,Catazajá
7,17,7017,Chiapas,Cintalapa
7,18,7018,Chiapas,Coapilla
7,19,7019,Chiapas,Comitán de Domínguez
7,20,7020,Chiapas,La Concordia
7,21,7021,Chiapas,Copainalá
7,22,7022,Chiapas,Chalchihuitán
7,23,7023,Chiapas,Chamula
7,24,7024,Chiapas,Chanal
7,25,7025,Chiapas,Chapultenango
7,26,7026,Chiapas,Chenalhó
7,27,7027,Chiapas,Chiapa de Corzo
7,28,7028,Chiapas,Chiapilla
7,29,7029,Chiapas,Chicoasén
7,30,7030,Chiapas,Chicomuselo
7,31,7031,Chiapas,Chilón
7,32,7032,Chiapas,Escuintla
7,33,7033,Chiapas,Francisco León
7,34,7034,Chiapas,Frontera Comalapa
7,35,7035,Chiapas,Frontera Hidalgo
7,36,7036,Chiapas,La Grandeza
7,37,7037,Chiapas,Huehuetán
7,38,7038,Chiapas,Huixtán
7,39,7039,Chiapas,Huitiupán
7,40,7040,Chiapas,Huixtla
7,41,7041,Chiapas,La Independencia
7,42,7042,Chiapas,Ixhuatán
7,43,7043,Chiapas,Ixtacomitán
7,44,7044,Chiapas,Ixtapa
7,45,7045,Chiapas,Ixtapangajoya
7,46,7046,Chiapas,Jiquipilas
7,47,7047,Chiapas,Jitotol
7,48,7048,Chiapas,Juárez
7,49,7049,Chiapas,Larráinzar
7,50,7050,Chiapas,La Libertad
7,51,7051,Chiapas,Mapastepec
7,52,7052,Chiapas,Las Margaritas
7,53,7053,Chiapas,Mazapa de Madero
7,54,7054,Chiapas,Mazatán
7,55,7055,Chiapas,Metapa
7,56,7056,Chiapas,Mitontic
7,57,7057,Chiapas,Motozintla
7,58,7058,Chiapas,Nicolás Ruíz
7,59,7059,Chiapas,Ocosingo
7,60,7060,Chiapas,Ocotepec
7,61,7061,Chiapas,Ocozocoautla de Espinosa
7,62,7062,Chiapas,Ostuacán
7,63,7063,Chiapas,Osumacinta
7,64,7064,Chiapas,Oxchuc
7,65,7065,Chiapas,Palenque
7,66,7066,Chiapas,Pantelhó
7,67,7067,Chiapas,Pantepec
7,68,7068,Chiapas,Pichucalco
7,69,7069,Chiapas,Pijijiapan
7,70,7070,Chiapas,El Porvenir
7,71,7071,Chiapas,Villa Comaltitlán
7,72,7072,Chiapas,Pueblo Nuevo Solistahuacán
7,73,7073,Chiapas,Rayón
7,74,7074,Chiapas,Reforma
7,75,7075,Chiapas,Las Rosas
7,76,7076,Chiapas,Sabanilla
7,77,7077,Chiapas,Salto de Agua
7,78,7078,Chiapas,San Cristóbal de las Casas
7,79,7079,Chiapas,San Fernando
7,80,7080,Chiapas,Siltepec
7,81,7081,Chiapas,Simojovel
7,82,7082,Chiapas,Sitalá
7,83,7083,Chiapas,Socoltenango
7,84,7084,Chiapas,Solosuchiapa
7,85,7085,Chiapas,Soyaló
7,86,7086,Chiapas,Suchiapa
7,87,7087,Chiapas,Suchiate
7,88,7088,Chiapas,Sunuapa
7,89,7089,Chiapas,Tapachula
7,90,7090,Chiapas,Tapalapa
7,91,7091,Chiapas,Tapilula
7,92,7092,Chiapas,Tecpatán
7,93,7093,Chiapas,Tenejapa
7,94,7094,Chiapas,Teopisca
7,96,7096,Chiapas,Tila
7,97,7097,Chiapas,Tonalá
7,98,7098,Chiapas,Totolapa
7,99,7099,Chiapas,La Trinitaria
7,100,7100,Chiapas,Tumbalá
7,101,7101,Chiapas,Tuxtla Gutiérrez
7,102,7102,Chiapas,Tuxtla Chico
7,103,7103,Chiapas,Tuzantán
7,104,7104,Chiapas,Tzimol
7,105,7105,Chiapas,Unión Juárez
7,106,7106,Chiapas,Venustiano Carranza
7,107,7107,Chiapas,Villa Corzo
7,108,7108,Chiapas,Villaflores
7,109,7109,Chiapas,Yajalón
7,110,7110,Chiapas,San Lucas
7,111,7111,Chiapas,Zinacantán
7,112,7112,Chiapas,San Juan Cancuc
7,113,7113,Chiapas,Aldama
7,114,7114,Chiapas,Benemérito de las Américas
7,115,7115,Chiapas,Maravilla Tenejapa
7,116,7116,Chiapas,Marqués de Comillas
7,117,7117,Chiapas,Montecristo de Guerrero
7,118,7118,Chiapas,San Andrés Duraznal
7,119,7119,Chiapas,Santiago el Pinar
8,1,8001,Chihuahua,Ahumada
8,2,8002,Chihuahua,Aldama
8,3,8003,Chihuahua,Allende
8,4,8004,Chihuahua,Aquiles Serdán
8,5,8005,Chihuahua,Ascensión
8,6,8006,Chihuahua,Bachíniva
8,7,8007,Chihuahua,Balleza
8,8,8008,Chihuahua,Batopilas
8,9,8009,Chihuahua,Bocoyna
8,10,8010,Chihuahua,Buenaventura
8,11,8011,Chihuahua,Camargo
8,12,8012,Chihuahua,Carichí
8,13,8013,Chihuahua,Casas Grandes
8,14,8014,Chihuahua,Coronado
8,15,8015,Chihuahua,Coyame del Sotol
8,16,8016,Chihuahua,La Cruz
8,17,8017,Chihuahua,Cuauhtémoc
8,18,8018,Chihuahua,Cusihuiriachi
8,19,8019,Chihuahua,Chihuahua
8,20,8020,Chihuahua,Chínipas
8,21,8021,Chihuahua,Delicias
8,22,8022,Chihuahua,Dr. Belisario Domínguez
8,23,8023,Chihuahua,Galeana
8,24,8024,Chihuahua,Santa Isabel
8,25,8025,Chihuahua,Gómez Farías
8,26,8026,Chihuahua,Gran Morelos
8,27,8027,Chihuahua,Guachochi
8,28,8028,Chihuahua,Guadalupe
8,29,8029,Chihuahua,Guadalupe y Calvo
8,30,8030,Chihuahua,Guazapares
8,31,8031,Chihuahua,Guerrero
8,32,8032,Chihuahua,Hidalgo del Parral
8,33,8033,Chihuahua,Huejotitán
8,34,8034,Chihuahua,Ignacio Zaragoza
8,35,8035,Chihuahua,Janos
8,36,8036,Chihuahua,Jiménez
8,37,8037,Chihuahua,Juárez
8,38,8038,Chihuahua,Julimes
8,39,8039,Chihuahua,López
8,40,8040,Chihuahua,Madera
8,41,8041,Chihuahua,Maguarichi
8,42,8042,Chihuahua,Manuel Benavides
8,43,8043,Chihuahua,Matachí
8,44,8044,Chihuahua,Matamoros
8,45,8045,Chihuahua,Meoqui
8,46,8046,Chihuahua,Morelos
8,47,8047,Chihuahua,Moris
8,48,8048,Chihuahua,Namiquipa
8,49,8049,Chihuahua,Nonoava
8,50,8050,Chihuahua,Nuevo Casas Grandes
8,51,8051,Chihuahua,Ocampo
8,52,8052,Chihuahua,Ojinaga
8,53,8053,Chihuahua,Praxedis G. Guerrero
8,54,8054,Chihuahua,Riva Palacio
8,55,8055,Chihuahua,Rosales
8,56,8056,Chihuahua,Rosario
8,57,8057,Chihuahua,San Francisco de Borja
8,58,8058,Chihuahua,San Francisco de Conchos
8,59,8059,Chihuahua,San Francisco del Oro
8,60,8060,Chihuahua,Santa Bárbara
8,61,8061,Chihuahua,Satevó
8,62,8062,Chihuahua,Saucillo
8,63,8063,Chihuahua,Temósachic
8,64,8064,Chihuahua,El Tule
8,65,8065,Chihuahua,Urique
8,66,8066,Chihuahua,Uruachi
8,67,8067,Chihuahua,Valle de Zaragoza
9,2,9002,Distrito Federal,Azcapotzalco
9,3,9003,Distrito Federal,Coyoacán
9,4,9004,Distrito Federal,Cuajimalpa de Morelos
9,5,9005,Distrito Federal,Gustavo A. Madero
9,6,9006,Distrito Federal,Iztacalco
9,7,9007,Distrito Federal,Iztapalapa
9,8,9008,Distrito Federal,La Magdalena Contreras
9,9,9009,Distrito Federal,Milpa Alta
9,10,9010,Distrito Federal,Álvaro Obregón
9,11,9011,Distrito Federal,Tláhuac
9,12,9012,Distrito Federal,Tlalpan
9,13,9013,Distrito Federal,Xochimilco
9,14,9014,Distrito Federal,Benito Juárez
9,15,9015,Distrito Federal,Cuauhtémoc
9,16,9016,Distrito Federal,Miguel Hidalgo
9,17,9017,Distrito Federal,Venustiano Carranza
10,1,10001,Durango,Canatlán
10,2,10002,Durango,Canelas
10,3,10003,Durango,Coneto de Comonfort
10,4,10004,Durango,Cuencamé
10,5,10005,Durango,Durango
10,6,10006,Durango,General Simón Bolívar
10,7,10007,Durango,Gómez Palacio
10,8,10008,Durango,Guadalupe Victoria
10,9,10009,Durango,Guanaceví
10,10,10010,Durango,Hidalgo
10,11,10011,Durango,Indé
10,12,10012,Durango,Lerdo
10,13,10013,Durango,Mapimí
10,14,10014,Durango,Mezquital
10,15,10015,Durango,Nazas
10,16,10016,Durango,Nombre de Dios
10,17,10017,Durango,Ocampo
10,18,10018,Durango,El Oro
10,19,10019,Durango,Otáez
10,20,10020,Durango,Pánuco de Coronado
10,21,10021,Durango,Peñón Blanco
10,22,10022,Durango,Poanas
10,23,10023,Durango,Pueblo Nuevo
10,24,10024,Durango,Rodeo
10,25,10025,Durango,San Bernardo
10,26,10026,Durango,San Dimas
10,27,10027,Durango,San Juan de Guadalupe
10,28,10028,Durango,San Juan del Río
10,29,10029,Durango,San Luis del Cordero
10,30,10030,Durango,San Pedro del Gallo
10,31,10031,Durango,Santa Clara
10,32,10032,Durango,Santiago Papasquiaro
10,33,10033,Durango,Súchil
10,34,10034,Durango,Tamazula
10,35,10035,Durango,Tepehuanes
10,36,10036,Durango,Tlahualilo
10,37,10037,Durango,Topia
10,38,10038,Durango,Vicente Guerrero
10,39,10039,Durango,Nuevo Ideal
11,1,11001,Guanajuato,Abasolo
11,2,11002,Guanajuato,Acámbaro
11,3,11003,Guanajuato,San Miguel de Allende
11,4,11004,Guanajuato,Apaseo el Alto
11,5,11005,Guanajuato,Apaseo el Grande
11,6,11006,Guanajuato,Atarjea
11,7,11007,Guanajuato,Celaya
11,8,11008,Guanajuato,Manuel Doblado
11,9,11009,Guanajuato,Comonfort
11,10,11010,Guanajuato,Coroneo
11,11,11011,Guanajuato,Cortazar
11,12,11012,Guanajuato,Cuerámaro
11,13,11013,Guanajuato,Doctor Mora
11,14,11014,Guanajuato,Dolores Hidalgo Cuna de la Independencia Nacional
11,15,11015,Guanajuato,Guanajuato
11,16,11016,Guanajuato,Huanímaro
11,17,11017,Guanajuato,Irapuato
11,18,11018,Guanajuato,Jaral del Progreso
11,19,11019,Guanajuato,Jerécuaro
11,20,11020,Guanajuato,León
11,21,11021,Guanajuato,Moroleón
11,22,11022,Guanajuato,Ocampo
11,23,11023,Guanajuato,Pénjamo
11,24,11024,Guanajuato,Pueblo Nuevo
11,25,11025,Guanajuato,Purísima del Rincón
11,26,11026,Guanajuato,Romita
11,27,11027,Guanajuato,Salamanca
11,28,11028,Guanajuato,Salvatierra
11,29,11029,Guanajuato,San Diego de la Unión
11,30,11030,Guanajuato,San Felipe
11,31,11031,Guanajuato,San Francisco del Rincón
11,32,11032,Guanajuato,San José Iturbide
11,33,11033,Guanajuato,San Luis de la Paz
11,34,11034,Guanajuato,Santa Catarina
11,35,11035,Guanajuato,Santa Cruz de Juventino Rosas
11,36,11036,Guanajuato,Santiago Maravatío
11,37,11037,Guanajuato,Silao
11,38,11038,Guanajuato,Tarandacuao
11,39,11039,Guanajuato,Tarimoro
11,40,11040,Guanajuato,Tierra Blanca
11,41,11041,Guanajuato,Uriangato
11,42,11042,Guanajuato,Valle de Santiago
11,43,11043,Guanajuato,Victoria
11,44,11044,Guanajuato,Villagrán
11,45,11045,Guanajuato,Xichú
11,46,11046,Guanajuato,Yuriria
12,1,12001,Guerrero,Acapulco de Juárez
12,2,12002,Guerrero,Ahuacuotzingo
12,3,12003,Guerrero,Ajuchitlán del Progreso
12,4,12004,Guerrero,Alcozauca de Guerrero
12,5,12005,Guerrero,Alpoyeca
12,6,12006,Guerrero,Apaxtla
12,7,12007,Guerrero,Arcelia
12,8,12008,Guerrero,Atenango del Río
12,9,12009,Guerrero,Atlamajalcingo del Monte
12,10,12010,Guerrero,Atlixtac
12,11,12011,Guerrero,Atoyac de Álvarez
12,12,12012,Guerrero,Ayutla de los Libres
12,13,12013,Guerrero,Azoyú
12,14,12014,Guerrero,Benito Juárez
12,15,12015,Guerrero,Buenavista de Cuéllar
12,16,12016,Guerrero,Coahuayutla de José María Izazaga
12,17,12017,Guerrero,Cocula
12,18,12018,Guerrero,Copala
12,19,12019,Guerrero,Copalillo
12,20,12020,Guerrero,Copanatoyac
12,21,12021,Guerrero,Coyuca de Benítez
12,22,12022,Guerrero,Coyuca de Catalán
12,23,12023,Guerrero,Cuajinicuilapa
12,24,12024,Guerrero,Cualác
12,25,12025,Guerrero,Cuautepec
12,26,12026,Guerrero,Cuetzala del Progreso
12,27,12027,Guerrero,Cutzamala de Pinzón
12,28,12028,Guerrero,Chilapa de Álvarez
12,29,12029,Guerrero,Chilpancingo de los Bravo
12,30,12030,Guerrero,Florencio Villarreal
12,31,12031,Guerrero,General Canuto A. Neri
12,32,12032,Guerrero,General Heliodoro Castillo
12,33,12033,Guerrero,Huamuxtitlán
12,34,12034,Guerrero,Huitzuco de los Figueroa
12,35,12035,Guerrero,Iguala de la Independencia
12,36,12036,Guerrero,Igualapa
12,37,12037,Guerrero,Ixcateopan de Cuauhtémoc
12,38,12038,Guerrero,Zihuatanejo de Azueta
12,39,12039,Guerrero,Juan R. Escudero
12,40,12040,Guerrero,Leonardo Bravo
12,41,12041,Guerrero,Malinaltepec
12,42,12042,Guerrero,Mártir de Cuilapan
12,43,12043,Guerrero,Metlatónoc
12,44,12044,Guerrero,Mochitlán
12,45,12045,Guerrero,Olinalá
12,46,12046,Guerrero,Ometepec
12,47,12047,Guerrero,Pedro Ascencio Alquisiras
12,48,12048,Guerrero,Petatlán
12,49,12049,Guerrero,Pilcaya
12,50,12050,Guerrero,Pungarabato
12,51,12051,Guerrero,Quechultenango
12,52,12052,Guerrero,San Luis Acatlán
12,53,12053,Guerrero,San Marcos
12,54,12054,Guerrero,San Miguel Totolapan
12,55,12055,Guerrero,Taxco de Alarcón
12,56,12056,Guerrero,Tecoanapa
12,57,12057,Guerrero,Técpan de Galeana
12,58,12058,Guerrero,Teloloapan
12,59,12059,Guerrero,Tepecoacuilco de Trujano
12,60,12060,Guerrero,Tetipac
12,61,12061,Guerrero,Tixtla de Guerrero
12,62,12062,Guerrero,Tlacoachistlahuaca
12,63,12063,Guerrero,Tlacoapa
12,64,12064,Guerrero,Tlalchapa
12,65,12065,Guerrero,Tlalixtaquilla de Maldonado
12,66,12066,Guerrero,Tlapa de Comonfort
12,67,12067,Guerrero,Tlapehuala
12,68,12068,Guerrero,La Unión de Isidoro Montes de Oca
12,69,12069,Guerrero,Xalpatláhuac
12,70,12070,Guerrero,Xochihuehuetlán
12,71,12071,Guerrero,Xochistlahuaca
12,72,12072,Guerrero,Zapotitlán Tablas
12,73,12073,Guerrero,Zirándaro
12,74,12074,Guerrero,Zitlala
12,75,12075,Guerrero,Eduardo Neri
12,76,12076,Guerrero,Acatepec
12,77,12077,Guerrero,Marquelia
12,78,12078,Guerrero,Cochoapa el Grande
12,79,12079,Guerrero,José Joaquin de Herrera
12,80,12080,Guerrero,Juchitán
12,81,12081,Guerrero,Iliatenco
13,1,13001,Hidalgo,Acatlán
13,2,13002,Hidalgo,Acaxochitlán
13,3,13003,Hidalgo,Actopan
13,4,13004,Hidalgo,Agua Blanca de Iturbide
13,5,13005,Hidalgo,Ajacuba
13,6,13006,Hidalgo,Alfajayucan
13,7,13007,Hidalgo,Almoloya
13,8,13008,Hidalgo,Apan
13,9,13009,Hidalgo,El Arenal
13,10,13010,Hidalgo,Atitalaquia
13,11,13011,Hidalgo,Atlapexco
13,12,13012,Hidalgo,Atotonilco el Grande
13,13,13013,Hidalgo,Atotonilco de Tula
13,14,13014,Hidalgo,Calnali
13,15,13015,Hidalgo,Cardonal
13,16,13016,Hidalgo,Cuautepec de Hinojosa
13,17,13017,Hidalgo,Chapantongo
13,18,13018,Hidalgo,Chapulhuacán
13,19,13019,Hidalgo,Chilcuautla
13,20,13020,Hidalgo,Eloxochitlán
13,21,13021,Hidalgo,Emiliano Zapata
13,22,13022,Hidalgo,Epazoyucan
13,23,13023,Hidalgo,Francisco I. Madero
13,24,13024,Hidalgo,Huasca de Ocampo
13,25,13025,Hidalgo,Huautla
13,26,13026,Hidalgo,Huazalingo
13,27,13027,Hidalgo,Huehuetla
13,28,13028,Hidalgo,Huejutla de Reyes
13,29,13029,Hidalgo,Huichapan
13,30,13030,Hidalgo,Ixmiquilpan
13,31,13031,Hidalgo,Jacala de Ledezma
13,32,13032,Hidalgo,Jaltocán
13,33,13033,Hidalgo,Juárez Hidalgo
13,34,13034,Hidalgo,Lolotla
13,35,13035,Hidalgo,Metepec
13,36,13036,Hidalgo,San Agustín Metzquititlán
13,37,13037,Hidalgo,Metztitlán
13,38,13038,Hidalgo,Mineral del Chico
13,39,13039,Hidalgo,Mineral del Monte
13,40,13040,Hidalgo,La Misión
13,41,13041,Hidalgo,Mixquiahuala de Juárez
13,42,13042,Hidalgo,Molango de Escamilla
13,43,13043,Hidalgo,Nicolás Flores
13,44,13044,Hidalgo,Nopala de Villagrán
13,45,13045,Hidalgo,Omitlán de Juárez
13,46,13046,Hidalgo,San Felipe Orizatlán
13,47,13047,Hidalgo,Pacula
13,48,13048,Hidalgo,Pachuca de Soto
13,49,13049,Hidalgo,Pisaflores
13,50,13050,Hidalgo,Progreso de Obregón
13,51,13051,Hidalgo,Mineral de la Reforma
13,52,13052,Hidalgo,San Agustín Tlaxiaca
13,53,13053,Hidalgo,San Bartolo Tutotepec
13,54,13054,Hidalgo,San Salvador
13,55,13055,Hidalgo,Santiago de Anaya
13,56,13056,Hidalgo,Santiago Tulantepec de Lugo Guerrero
13,57,13057,Hidalgo,Singuilucan
13,58,13058,Hidalgo,Tasquillo
13,59,13059,Hidalgo,Tecozautla
13,60,13060,Hidalgo,Tenango de Doria
13,61,13061,Hidalgo,Tepeapulco
13,62,13062,Hidalgo,Tepehuacán de Guerrero
13,63,13063,Hidalgo,Tepeji del Río de Ocampo
13,64,13064,Hidalgo,Tepetitlán
13,65,13065,Hidalgo,Tetepango
13,66,13066,Hidalgo,Villa de Tezontepec
13,67,13067,Hidalgo,Tezontepec de Aldama
13,68,13068,Hidalgo,Tianguistengo
13,69,13069,Hidalgo,Tizayuca
13,70,13070,Hidalgo,Tlahuelilpan
13,71,13071,Hidalgo,Tlahuiltepa
13,72,13072,Hidalgo,Tlanalapa
13,73,13073,Hidalgo,Tlanchinol
13,74,13074,Hidalgo,Tlaxcoapan
13,75,13075,Hidalgo,Tolcayuca
13,76,13076,Hidalgo,Tula de Allende
13,77,13077,Hidalgo,Tulancingo de Bravo
13,78,13078,Hidalgo,Xochiatipan
13,79,13079,Hidalgo,Xochicoatlán
13,80,13080,Hidalgo,Yahualica
13,81,13081,Hidalgo,Zacualtipán de Ángeles
13,82,13082,Hidalgo,Zapotlán de Juárez
13,83,13083,Hidalgo,Zempoala
13,84,13084,Hidalgo,Zimapán
14,1,14001,Jalisco,Acatic
14,2,14002,Jalisco,Acatlán de Juárez
14,3,14003,Jalisco,Ahualulco de Mercado
14,4,14004,Jalisco,Amacueca
14,5,14005,Jalisco,Amatitán
14,6,14006,Jalisco,Ameca
14,7,14007,Jalisco,San Juanito de Escobedo
14,8,14008,Jalisco,Arandas
14,9,14009,Jalisco,El Arenal
14,10,14010,Jalisco,Atemajac de Brizuela
14,11,14011,Jalisco,Atengo
14,12,14012,Jalisco,Atenguillo
14,13,14013,Jalisco,Atotonilco el Alto
14,14,14014,Jalisco,Atoyac
14,15,14015,Jalisco,Autlán de Navarro
14,16,14016,Jalisco,Ayotlán
14,17,14017,Jalisco,Ayutla
14,18,14018,Jalisco,La Barca
14,19,14019,Jalisco,Bolaños
14,20,14020,Jalisco,Cabo Corrientes
14,21,14021,Jalisco,Casimiro Castillo
14,22,14022,Jalisco,Cihuatlán
14,23,14023,Jalisco,Zapotlán el Grande
14,24,14024,Jalisco,Cocula
14,25,14025,Jalisco,Colotlán
14,26,14026,Jalisco,Concepción de Buenos Aires
14,27,14027,Jalisco,Cuautitlán de García Barragán
14,28,14028,Jalisco,Cuautla
14,29,14029,Jalisco,Cuquío
14,30,14030,Jalisco,Chapala
14,31,14031,Jalisco,Chimaltitán
14,32,14032,Jalisco,Chiquilistlán
14,33,14033,Jalisco,Degollado
14,34,14034,Jalisco,Ejutla
14,35,14035,Jalisco,Encarnación de Díaz
14,36,14036,Jalisco,Etzatlán
14,37,14037,Jalisco,El Grullo
14,38,14038,Jalisco,Guachinango
14,39,14039,Jalisco,Guadalajara
14,40,14040,Jalisco,Hostotipaquillo
14,41,14041,Jalisco,Huejúcar
14,42,14042,Jalisco,Huejuquilla el Alto
14,43,14043,Jalisco,La Huerta
14,44,14044,Jalisco,Ixtlahuacán de los Membrillos
14,45,14045,Jalisco,Ixtlahuacán del Río
14,46,14046,Jalisco,Jalostotitlán
14,47,14047,Jalisco,Jamay
14,48,14048,Jalisco,Jesús María
14,49,14049,Jalisco,Jilotlán de los Dolores
14,50,14050,Jalisco,Jocotepec
14,51,14051,Jalisco,Juanacatlán
14,52,14052,Jalisco,Juchitlán
14,53,14053,Jalisco,Lagos de Moreno
14,54,14054,Jalisco,El Limón
14,55,14055,Jalisco,Magdalena
14,56,14056,Jalisco,Santa María del Oro
14,57,14057,Jalisco,La Manzanilla de la Paz
14,58,14058,Jalisco,Mascota
14,59,14059,Jalisco,Mazamitla
14,60,14060,Jalisco,Mexticacán
14,61,14061,Jalisco,Mezquitic
14,62,14062,Jalisco,Mixtlán
14,63,14063,Jalisco,Ocotlán
14,64,14064,Jalisco,Ojuelos de Jalisco
14,65,14065,Jalisco,Pihuamo
14,66,14066,Jalisco,Poncitlán
14,67,14067,Jalisco,Puerto Vallarta
14,68,14068,Jalisco,Villa Purificación
14,69,14069,Jalisco,Quitupan
14,70,14070,Jalisco,El Salto
14,71,14071,Jalisco,San Cristóbal de la Barranca
14,72,14072,Jalisco,San Diego de Alejandría
14,73,14073,Jalisco,San Juan de los Lagos
14,74,14074,Jalisco,San Julián
14,75,14075,Jalisco,San Marcos
14,76,14076,Jalisco,San Martín de Bolaños
14,77,14077,Jalisco,San Martín Hidalgo
14,78,14078,Jalisco,San Miguel el Alto
14,79,14079,Jalisco,Gómez Farías
14,80,14080,Jalisco,San Sebastián del Oeste
14,81,14081,Jalisco,Santa María de los Ángeles
14,82,14082,Jalisco,Sayula
14,83,14083,Jalisco,Tala
14,84,14084,Jalisco,Talpa de Allende
14,85,14085,Jalisco,Tamazula de Gordiano
14,86,14086,Jalisco,Tapalpa
14,87,14087,Jalisco,Tecalitlán
14,88,14088,Jalisco,Tecolotlán
14,89,14089,Jalisco,Techaluta de Montenegro
14,90,14090,Jalisco,Tenamaxtlán
14,91,14091,Jalisco,Teocaltiche
14,92,14092,Jalisco,Teocuitatlán de Corona
14,93,14093,Jalisco,Tepatitlán de Morelos
14,94,14094,Jalisco,Tequila
14,95,14095,Jalisco,Teuchitlán
14,96,14096,Jalisco,Tizapán el Alto
14,97,14097,Jalisco,Tlajomulco de Zúñiga
14,98,14098,Jalisco,Tlaquepaque
14,99,14099,Jalisco,Tolimán
14,100,14100,Jalisco,Tomatlán
14,101,14101,Jalisco,Tonalá
14,102,14102,Jalisco,Tonaya
14,103,14103,Jalisco,Tonila
14,104,14104,Jalisco,Totatiche
14,105,14105,Jalisco,Tototlán
14,106,14106,Jalisco,Tuxcacuesco
14,107,14107,Jalisco,Tuxcueca
14,108,14108,Jalisco,Tuxpan
14,109,14109,Jalisco,Unión de San Antonio
14,110,14110,Jalisco,Unión de Tula
14,111,14111,Jalisco,Valle de Guadalupe
14,112,14112,Jalisco,Valle de Juárez
14,113,14113,Jalisco,San Gabriel
14,114,14114,Jalisco,Villa Corona
14,115,14115,Jalisco,Villa Guerrero
14,116,14116,Jalisco,Villa Hidalgo
14,117,14117,Jalisco,Cañadas de Obregón
14,118,14118,Jalisco,Yahualica de González Gallo
14,119,14119,Jalisco,Zacoalco de Torres
14,120,14120,Jalisco,Zapopan
14,121,14121,Jalisco,Zapotiltic
14,122,14122,Jalisco,Zapotitlán de Vadillo
14,123,14123,Jalisco,Zapotlán del Rey
14,124,14124,Jalisco,Zapotlanejo
14,125,14125,Jalisco,San Ignacio Cerro Gordo
15,1,15001,México,Acambay
15,2,15002,México,Acolman
15,3,15003,México,Aculco
15,4,15004,México,Almoloya de Alquisiras
15,5,15005,México,Almoloya de Juárez
15,6,15006,México,Almoloya del Río
15,7,15007,México,Amanalco
15,8,15008,México,Amatepec
15,9,15009,México,Amecameca
15,10,15010,México,Apaxco
15,11,15011,México,Atenco
15,12,15012,México,Atizapán
15,13,15013,México,Atizapán de Zaragoza
15,14,15014,México,Atlacomulco
15,15,15015,México,Atlautla
15,16,15016,México,Axapusco
15,17,15017,México,Ayapango
15,18,15018,México,Calimaya
15,19,15019,México,Capulhuac
15,20,15020,México,Coacalco de Berriozábal
15,21,15021,México,Coatepec Harinas
15,22,15022,México,Cocotitlán
15,23,15023,México,Coyotepec
15,24,15024,México,Cuautitlán
15,25,15025,México,Chalco
15,26,15026,México,Chapa de Mota
15,27,15027,México,Chapultepec
15,28,15028,México,Chiautla
15,29,15029,México,Chicoloapan
15,30,15030,México,Chiconcuac
15,31,15031,México,Chimalhuacán
15,32,15032,México,Donato Guerra
15,33,15033,México,Ecatepec de Morelos
15,34,15034,México,Ecatzingo
15,35,15035,México,Huehuetoca
15,36,15036,México,Hueypoxtla
15,37,15037,México,Huixquilucan
15,38,15038,México,Isidro Fabela
15,39,15039,México,Ixtapaluca
15,40,15040,México,Ixtapan de la Sal
15,41,15041,México,Ixtapan del Oro
15,42,15042,México,Ixtlahuaca
15,43,15043,México,Xalatlaco
15,44,15044,México,Jaltenco
15,45,15045,México,Jilotepec
15,46,15046,México,Jilotzingo
15,47,15047,México,Jiquipilco
15,48,15048,México,Jocotitlán
15,49,15049,México,Joquicingo
15,50,15050,México,Juchitepec
15,51,15051,México,Lerma
15,52,15052,México,Malinalco
15,53,15053,México,Melchor Ocampo
15,54,15054,México,Metepec
15,55,15055,México,Mexicaltzingo
15,56,15056,México,Morelos
15,57,15057,México,Naucalpan de Juárez
15,58,15058,México,Nezahualcóyotl
15,59,15059,México,Nextlalpan
15,60,15060,México,Nicolás Romero
15,61,15061,México,Nopaltepec
15,62,15062,México,Ocoyoacac
15,63,15063,México,Ocuilan
15,64,15064,México,El Oro
15,65,15065,México,Otumba
15,66,15066,México,Otzoloapan
15,67,15067,México,Otzolotepec
15,68,15068,México,Ozumba
15,69,15069,México,Papalotla
15,70,15070,México,La Paz
15,71,15071,México,Polotitlán
15,72,15072,México,Rayón
15,73,15073,México,San Antonio la Isla
15,74,15074,México,San Felipe del Progreso
15,75,15075,México,San Martín de las Pirámides
15,76,15076,México,San Mateo Atenco
15,77,15077,México,San Simón de Guerrero
15,78,15078,México,Santo Tomás
15,79,15079,México,Soyaniquilpan de Juárez
15,80,15080,México,Sultepec
15,81,15081,México,Tecámac
15,82,15082,México,Tejupilco
15,83,15083,México,Temamatla
15,84,15084,México,Temascalapa
15,85,15085,México,Temascalcingo
15,86,15086,México,Temascaltepec
15,87,15087,México,Temoaya
15,88,15088,México,Tenancingo
15,89,15089,México,Tenango del Aire
15,90,15090,México,Tenango del Valle
15,91,15091,México,Teoloyucan
15,92,15092,México,Teotihuacán
15,93,15093,México,Tepetlaoxtoc
15,94,15094,México,Tepetlixpa
15,95,15095,México,Tepotzotlán
15,96,15096,México,Tequixquiac
15,97,15097,México,Texcaltitlán
15,98,15098,México,Texcalyacac
15,99,15099,México,Texcoco
15,100,15100,México,Tezoyuca
15,101,15101,México,Tianguistenco
15,102,15102,México,Timilpan
15,103,15103,México,Tlalmanalco
15,104,15104,México,Tlalnepantla de Baz
15,105,15105,México,Tlatlaya
15,106,15106,México,Toluca
15,107,15107,México,Tonatico
15,108,15108,México,Tultepec
15,109,15109,México,Tultitlán
15,110,15110,México,Valle de Bravo
15,111,15111,México,Villa de Allende
15,112,15112,México,Villa del Carbón
15,113,15113,México,Villa Guerrero
15,114,15114,México,Villa Victoria
15,115,15115,México,Xonacatlán
15,116,15116,México,Zacazonapan
15,117,15117,México,Zacualpan
15,118,15118,México,Zinacantepec
15,119,15119,México,Zumpahuacán
15,120,15120,México,Zumpango
15,121,15121,México,Cuautitlán Izcalli
15,122,15122,México,Valle de Chalco Solidaridad
15,123,15123,México,Luvianos
15,124,15124,México,San José del Rincón
15,125,15125,México,Tonanitla
16,1,16001,Michoacán de Ocampo,Acuitzio
16,2,16002,Michoacán de Ocampo,Aguililla
16,3,16003,Michoacán de Ocampo,Álvaro Obregón
16,4,16004,Michoacán de Ocampo,Angamacutiro
16,5,16005,Michoacán de Ocampo,Angangueo
16,6,16006,Michoacán de Ocampo,Apatzingán
16,7,16007,Michoacán de Ocampo,Aporo
16,8,16008,Michoacán de Ocampo,Aquila
16,9,16009,Michoacán de Ocampo,Ario
16,10,16010,Michoacán de Ocampo,Arteaga
16,11,16011,Michoacán de Ocampo,Briseñas
16,12,16012,Michoacán de Ocampo,Buenavista
16,13,16013,Michoacán de Ocampo,Carácuaro
16,14,16014,Michoacán de Ocampo,Coahuayana
16,15,16015,Michoacán de Ocampo,Coalcomán de Vázquez Pallares
16,16,16016,Michoacán de Ocampo,Coeneo
16,17,16017,Michoacán de Ocampo,Contepec
16,18,16018,Michoacán de Ocampo,Copándaro
16,19,16019,Michoacán de Ocampo,Cotija
16,20,16020,Michoacán de Ocampo,Cuitzeo
16,21,16021,Michoacán de Ocampo,Charapan
16,22,16022,Michoacán de Ocampo,Charo
16,23,16023,Michoacán de Ocampo,Chavinda
16,24,16024,Michoacán de Ocampo,Cherán
16,25,16025,Michoacán de Ocampo,Chilchota
16,26,16026,Michoacán de Ocampo,Chinicuila
16,27,16027,Michoacán de Ocampo,Chucándiro
16,28,16028,Michoacán de Ocampo,Churintzio
16,29,16029,Michoacán de Ocampo,Churumuco
16,30,16030,Michoacán de Ocampo,Ecuandureo
16,31,16031,Michoacán de Ocampo,Epitacio Huerta
16,32,16032,Michoacán de Ocampo,Erongarícuaro
16,33,16033,Michoacán de Ocampo,Gabriel Zamora
16,34,16034,Michoacán de Ocampo,Hidalgo
16,35,16035,Michoacán de Ocampo,La Huacana
16,36,16036,Michoacán de Ocampo,Huandacareo
16,37,16037,Michoacán de Ocampo,Huaniqueo
16,38,16038,Michoacán de Ocampo,Huetamo
16,39,16039,Michoacán de Ocampo,Huiramba
16,40,16040,Michoacán de Ocampo,Indaparapeo
16,41,16041,Michoacán de Ocampo,Irimbo
16,42,16042,Michoacán de Ocampo,Ixtlán
16,43,16043,Michoacán de Ocampo,Jacona
16,44,16044,Michoacán de Ocampo,Jiménez
16,45,16045,Michoacán de Ocampo,Jiquilpan
16,46,16046,Michoacán de Ocampo,Juárez
16,47,16047,Michoacán de Ocampo,Jungapeo
16,48,16048,Michoacán de Ocampo,Lagunillas
16,49,16049,Michoacán de Ocampo,Madero
16,50,16050,Michoacán de Ocampo,Maravatío
16,51,16051,Michoacán de Ocampo,Marcos Castellanos
16,52,16052,Michoacán de Ocampo,Lázaro Cárdenas
16,53,16053,Michoacán de Ocampo,Morelia
16,54,16054,Michoacán de Ocampo,Morelos
16,55,16055,Michoacán de Ocampo,Múgica
16,56,16056,Michoacán de Ocampo,Nahuatzen
16,57,16057,Michoacán de Ocampo,Nocupétaro
16,58,16058,Michoacán de Ocampo,Nuevo Parangaricutiro
16,59,16059,Michoacán de Ocampo,Nuevo Urecho
16,60,16060,Michoacán de Ocampo,Numarán
16,61,16061,Michoacán de Ocampo,Ocampo
16,62,16062,Michoacán de Ocampo,Pajacuarán
16,63,16063,Michoacán de Ocampo,Panindícuaro
16,64,16064,Michoacán de Ocampo,Parácuaro
16,65,16065,Michoacán de Ocampo,Paracho
16,66,16066,Michoacán de Ocampo,Pátzcuaro
16,67,16067,Michoacán de Ocampo,Penjamillo
16,68,16068,Michoacán de Ocampo,Peribán
16,69,16069,Michoacán de Ocampo,La Piedad
16,70,16070,Michoacán de Ocampo,Purépero
16,71,16071,Michoacán de Ocampo,Puruándiro
16,72,16072,Michoacán de Ocampo,Queréndaro
16,73,16073,Michoacán de Ocampo,Quiroga
16,74,16074,Michoacán de Ocampo,Cojumatlán de Régules
16,75,16075,Michoacán de Ocampo,Los Reyes
16,76,16076,Michoacán de Ocampo,Sahuayo
16,77,16077,Michoacán de Ocampo,San Lucas
16,78,16078,Michoacán de Ocampo,Santa Ana Maya
16,79,16079,Michoacán de Ocampo,Salvador Escalante
16,80,16080,Michoacán de Ocampo,Senguio
16,81,16081,Michoacán de Ocampo,Susupuato
16,82,16082,Michoacán de Ocampo,Tacámbaro
16,83,16083,Michoacán de Ocampo,Tancítaro
16,84,16084,Michoacán de Ocampo,Tangamandapio
16,85,16085,Michoacán de Ocampo,Tangancícuaro
16,86,16086,Michoacán de Ocampo,Tanhuato
16,87,16087,Michoacán de Ocampo,Taretan
16,88,16088,Michoacán de Ocampo,Tarímbaro
16,89,16089,Michoacán de Ocampo,Tepalcatepec
16,90,16090,Michoacán de Ocampo,Tingambato
16,91,16091,Michoacán de Ocampo,Tingüindín
16,92,16092,Michoacán de Ocampo,Tiquicheo de Nicolás Romero
16,93,16093,Michoacán de Ocampo,Tlalpujahua
16,94,16094,Michoacán de Ocampo,Tlazazalca
16,95,16095,Michoacán de Ocampo,Tocumbo
16,96,16096,Michoacán de Ocampo,Tumbiscatío
16,97,16097,Michoacán de Ocampo,Turicato
16,98,16098,Michoacán de Ocampo,Tuxpan
16,99,16099,Michoacán de Ocampo,Tuzantla
16,100,16100,Michoacán de Ocampo,Tzintzuntzan
16,101,16101,Michoacán de Ocampo,Tzitzio
16,102,16102,Michoacán de Ocampo,Uruapan
16,103,16103,Michoacán de Ocampo,Venustiano Carranza
16,104,16104,Michoacán de Ocampo,Villamar
16,105,16105,Michoacán de Ocampo,Vista Hermosa
16,106,16106,Michoacán de Ocampo,Yurécuaro
16,107,16107,Michoacán de Ocampo,Zacapu
16,108,16108,Michoacán de Ocampo,Zamora
16,109,16109,Michoacán de Ocampo,Zináparo
16,110,16110,Michoacán de Ocampo,Zinapécuaro
16,111,16111,Michoacán de Ocampo,Ziracuaretiro
16,112,16112,Michoacán de Ocampo,Zitácuaro
16,113,16113,Michoacán de Ocampo,José Sixto Verduzco
17,1,17001,Morelos,Amacuzac
17,2,17002,Morelos,Atlatlahucan
17,3,17003,Morelos,Axochiapan
17,4,17004,Morelos,Ayala
17,5,17005,Morelos,Coatlán del Río
17,6,17006,Morelos,Cuautla
17,7,17007,Morelos,Cuernavaca
17,8,17008,Morelos,Emiliano Zapata
17,9,17009,Morelos,Huitzilac
17,10,17010,Morelos,Jantetelco
17,11,17011,Morelos,Jiutepec
17,12,17012,Morelos,Jojutla
17,13,17013,Morelos,Jonacatepec
17,14,17014,Morelos,Mazatepec
17,15,17015,Morelos,Miacatlán
17,16,17016,Morelos,Ocuituco
17,17,17017,Morelos,Puente de Ixtla
17,18,17018,Morelos,Temixco
17,19,17019,Morelos,Tepalcingo
17,20,17020,Morelos,Tepoztlán
17,21,17021,Morelos,Tetecala
17,22,17022,Morelos,Tetela del Volcán
17,23,17023,Morelos,Tlalnepantla
17,24,17024,Morelos,Tlaltizapán
17,25,17025,Morelos,Tlaquiltenango
17,26,17026,Morelos,Tlayacapan
17,27,17027,Morelos,Totolapan
17,28,17028,Morelos,Xochitepec
17,29,17029,Morelos,Yautepec
17,30,17030,Morelos,Yecapixtla
17,31,17031,Morelos,Zacatepec
17,32,17032,Morelos,Zacualpan
17,33,17033,Morelos,Temoac
18,1,18001,Nayarit,Acaponeta
18,2,18002,Nayarit,Ahuacatlán
18,3,18003,Nayarit,Amatlán de Cañas
18,4,18004,Nayarit,Compostela
18,5,18005,Nayarit,Huajicori
18,6,18006,Nayarit,Ixtlán del Río
18,7,18007,Nayarit,Jala
18,8,18008,Nayarit,Xalisco
18,9,18009,Nayarit,Del Nayar
18,10,18010,Nayarit,Rosamorada
18,11,18011,Nayarit,Ruíz
18,12,18012,Nayarit,San Blas
18,13,18013,Nayarit,San Pedro Lagunillas
18,14,18014,Nayarit,Santa María del Oro
18,15,18015,Nayarit,Santiago Ixcuintla
18,16,18016,Nayarit,Tecuala
18,17,18017,Nayarit,Tepic
18,18,18018,Nayarit,Tuxpan
18,19,18019,Nayarit,La Yesca
18,20,18020,Nayarit,Bahía de Banderas
19,1,19001,Nuevo León,Abasolo
19,2,19002,Nuevo León,Agualeguas
19,3,19003,Nuevo León,Los Aldamas
19,4,19004,Nuevo León,Allende
19,5,19005,Nuevo León,Anáhuac
19,6,19006,Nuevo León,Apodaca
19,7,19007,Nuevo León,Aramberri
19,8,19008,Nuevo León,Bustamante
19,9,19009,Nuevo León,Cadereyta Jiménez
19,10,19010,Nuevo León,Carmen
19,11,19011,Nuevo León,Cerralvo
19,12,19012,Nuevo León,Ciénega de Flores
19,13,19013,Nuevo León,China
19,14,19014,Nuevo León,Dr. Arroyo
19,15,19015,Nuevo León,Dr. Coss
19,16,19016,Nuevo León,Dr. González
19,17,19017,Nuevo León,Galeana
19,18,19018,Nuevo León,García
19,19,19019,Nuevo León,San Pedro Garza García
19,20,19020,Nuevo León,Gral. Bravo
19,21,19021,Nuevo León,Gral. Escobedo
19,22,19022,Nuevo León,Gral. Terán
19,23,19023,Nuevo León,Gral. Treviño
19,24,19024,Nuevo León,Gral. Zaragoza
19,25,19025,Nuevo León,Gral. Zuazua
19,26,19026,Nuevo León,Guadalupe
19,27,19027,Nuevo León,Los Herreras
19,28,19028,Nuevo León,Higueras
19,29,19029,Nuevo León,Hualahuises
19,30,19030,Nuevo León,Iturbide
19,31,19031,Nuevo León,Juárez
19,32,19032,Nuevo León,Lampazos de Naranjo
19,33,19033,Nuevo León,Linares
19,34,19034,Nuevo León,Marín
19,35,19035,Nuevo León,Melchor Ocampo
19,36,19036,Nuevo León,Mier y Noriega
19,37,19037,Nuevo León,Mina
19,38,19038,Nuevo León,Montemorelos
19,39,19039,Nuevo León,Monterrey
19,40,19040,Nuevo León,Parás
19,41,19041,Nuevo León,Pesquería
19,42,19042,Nuevo León,Los Ramones
19,43,19043,Nuevo León,Rayones
19,44,19044,Nuevo León,Sabinas Hidalgo
19,45,19045,Nuevo León,Salinas Victoria
19,46,19046,Nuevo León,San Nicolás de los Garza
19,47,19047,Nuevo León,Hidalgo
19,48,19048,Nuevo León,Santa Catarina
19,49,19049,Nuevo León,Santiago
19,50,19050,Nuevo León,Vallecillo
19,51,19051,Nuevo León,Villaldama
20,1,20001,Oaxaca,Abejones
20,2,20002,Oaxaca,Acatlán de Pérez Figueroa
20,3,20003,Oaxaca,Asunción Cacalotepec
20,4,20004,Oaxaca,Asunción Cuyotepeji
20,5,20005,Oaxaca,Asunción Ixtaltepec
20,6,20006,Oaxaca,Asunción Nochixtlán
20,7,20007,Oaxaca,Asunción Ocotlán
20,8,20008,Oaxaca,Asunción Tlacolulita
20,9,20009,Oaxaca,Ayotzintepec
20,10,20010,Oaxaca,El Barrio de la Soledad
20,11,20011,Oaxaca,Calihualá
20,12,20012,Oaxaca,Candelaria Loxicha
20,13,20013,Oaxaca,Ciénega de Zimatlán
20,14,20014,Oaxaca,Ciudad Ixtepec
20,15,20015,Oaxaca,Coatecas Altas
20,16,20016,Oaxaca,Coicoyán de las Flores
20,17,20017,Oaxaca,La Compañía
20,18,20018,Oaxaca,Concepción Buenavista
20,19,20019,Oaxaca,Concepción Pápalo
20,20,20020,Oaxaca,Constancia del Rosario
20,21,20021,Oaxaca,Cosolapa
20,22,20022,Oaxaca,Cosoltepec
20,23,20023,Oaxaca,Cuilápam de Guerrero
20,24,20024,Oaxaca,Cuyamecalco Villa de Zaragoza
20,25,20025,Oaxaca,Chahuites
20,26,20026,Oaxaca,Chalcatongo de Hidalgo
20,27,20027,Oaxaca,Chiquihuitlán de Benito Juárez
20,28,20028,Oaxaca,Heroica Ciudad de Ejutla de Crespo
20,29,20029,Oaxaca,Eloxochitlán de Flores Magón
20,30,20030,Oaxaca,El Espinal
20,31,20031,Oaxaca,Tamazulápam del Espíritu Santo
20,32,20032,Oaxaca,Fresnillo de Trujano
20,33,20033,Oaxaca,Guadalupe Etla
20,34,20034,Oaxaca,Guadalupe de Ramírez
20,35,20035,Oaxaca,Guelatao de Juárez
20,36,20036,Oaxaca,Guevea de Humboldt
20,37,20037,Oaxaca,Mesones Hidalgo
20,38,20038,Oaxaca,Villa Hidalgo
20,39,20039,Oaxaca,Heroica Ciudad de Huajuapan de León
20,40,20040,Oaxaca,Huautepec
20,41,20041,Oaxaca,Huautla de Jiménez
20,42,20042,Oaxaca,Ixtlán de Juárez
20,43,20043,Oaxaca,Heroica Ciudad de Juchitán de Zaragoza
20,44,20044,Oaxaca,Loma Bonita
20,45,20045,Oaxaca,Magdalena Apasco
20,46,20046,Oaxaca,Magdalena Jaltepec
20,47,20047,Oaxaca,Santa Magdalena Jicotlán
20,48,20048,Oaxaca,Magdalena Mixtepec
20,49,20049,Oaxaca,Magdalena Ocotlán
20,50,20050,Oaxaca,Magdalena Peñasco
20,51,20051,Oaxaca,Magdalena Teitipac
20,52,20052,Oaxaca,Magdalena Tequisistlán
20,53,20053,Oaxaca,Magdalena Tlacotepec
20,54,20054,Oaxaca,Magdalena Zahuatlán
20,55,20055,Oaxaca,Mariscala de Juárez
20,56,20056,Oaxaca,Mártires de Tacubaya
20,57,20057,Oaxaca,Matías Romero Avendaño
20,58,20058,Oaxaca,Mazatlán Villa de Flores
20,59,20059,Oaxaca,Miahuatlán de Porfirio Díaz
20,60,20060,Oaxaca,Mixistlán de la Reforma
20,61,20061,Oaxaca,Monjas
20,62,20062,Oaxaca,Natividad
20,63,20063,Oaxaca,Nazareno Etla
20,64,20064,Oaxaca,Nejapa de Madero
20,65,20065,Oaxaca,Ixpantepec Nieves
20,66,20066,Oaxaca,Santiago Niltepec
20,67,20067,Oaxaca,Oaxaca de Juárez
20,68,20068,Oaxaca,Ocotlán de Morelos
20,69,20069,Oaxaca,La Pe
20,70,20070,Oaxaca,Pinotepa de Don Luis
20,71,20071,Oaxaca,Pluma Hidalgo
20,72,20072,Oaxaca,San José del Progreso
20,73,20073,Oaxaca,Putla Villa de Guerrero
20,74,20074,Oaxaca,Santa Catarina Quioquitani
20,75,20075,Oaxaca,Reforma de Pineda
20,76,20076,Oaxaca,La Reforma
20,77,20077,Oaxaca,Reyes Etla
20,78,20078,Oaxaca,Rojas de Cuauhtémoc
20,79,20079,Oaxaca,Salina Cruz
20,80,20080,Oaxaca,San Agustín Amatengo
20,81,20081,Oaxaca,San Agustín Atenango
20,82,20082,Oaxaca,San Agustín Chayuco
20,83,20083,Oaxaca,San Agustín de las Juntas
20,84,20084,Oaxaca,San Agustín Etla
20,85,20085,Oaxaca,San Agustín Loxicha
20,86,20086,Oaxaca,San Agustín Tlacotepec
20,87,20087,Oaxaca,San Agustín Yatareni
20,88,20088,Oaxaca,San Andrés Cabecera Nueva
20,89,20089,Oaxaca,San Andrés Dinicuiti
20,90,20090,Oaxaca,San Andrés Huaxpaltepec
20,91,20091,Oaxaca,San Andrés Huayápam
20,92,20092,Oaxaca,San Andrés Ixtlahuaca
20,93,20093,Oaxaca,San Andrés Lagunas
20,94,20094,Oaxaca,San Andrés Nuxiño
20,95,20095,Oaxaca,San Andrés Paxtlán
20,96,20096,Oaxaca,San Andrés Sinaxtla
20,97,20097,Oaxaca,San Andrés Solaga
20,98,20098,Oaxaca,San Andrés Teotilálpam
20,99,20099,Oaxaca,San Andrés Tepetlapa
20,100,20100,Oaxaca,San Andrés Yaá
20,101,20101,Oaxaca,San Andrés Zabache
20,102,20102,Oaxaca,San Andrés Zautla
20,103,20103,Oaxaca,San Antonino Castillo Velasco
20,104,20104,Oaxaca,San Antonino el Alto
20,105,20105,Oaxaca,San Antonino Monte Verde
20,106,20106,Oaxaca,San Antonio Acutla
20,107,20107,Oaxaca,San Antonio de la Cal
20,108,20108,Oaxaca,San Antonio Huitepec
20,109,20109,Oaxaca,San Antonio Nanahuatípam
20,110,20110,Oaxaca,San Antonio Sinicahua
20,111,20111,Oaxaca,San Antonio Tepetlapa
20,112,20112,Oaxaca,San Baltazar Chichicápam
20,113,20113,Oaxaca,San Baltazar Loxicha
20,114,20114,Oaxaca,San Baltazar Yatzachi el Bajo
20,115,20115,Oaxaca,San Bartolo Coyotepec
20,116,20116,Oaxaca,San Bartolomé Ayautla
20,117,20117,Oaxaca,San Bartolomé Loxicha
20,118,20118,Oaxaca,San Bartolomé Quialana
20,119,20119,Oaxaca,San Bartolomé Yucuañe
20,120,20120,Oaxaca,San Bartolomé Zoogocho
20,121,20121,Oaxaca,San Bartolo Soyaltepec
20,122,20122,Oaxaca,San Bartolo Yautepec
20,123,20123,Oaxaca,San Bernardo Mixtepec
20,124,20124,Oaxaca,San Blas Atempa
20,125,20125,Oaxaca,San Carlos Yautepec
20,126,20126,Oaxaca,San Cristóbal Amatlán
20,127,20127,Oaxaca,San Cristóbal Amoltepec
20,128,20128,Oaxaca,San Cristóbal Lachirioag
20,129,20129,Oaxaca,San Cristóbal Suchixtlahuaca
20,130,20130,Oaxaca,San Dionisio del Mar
20,131,20131,Oaxaca,San Dionisio Ocotepec
20,132,20132,Oaxaca,San Dionisio Ocotlán
20,133,20133,Oaxaca,San Esteban Atatlahuca
20,134,20134,Oaxaca,San Felipe Jalapa de Díaz
20,135,20135,Oaxaca,San Felipe Tejalápam
20,136,20136,Oaxaca,San Felipe Usila
20,137,20137,Oaxaca,San Francisco Cahuacuá
20,138,20138,Oaxaca,San Francisco Cajonos
20,139,20139,Oaxaca,San Francisco Chapulapa
20,140,20140,Oaxaca,San Francisco Chindúa
20,141,20141,Oaxaca,San Francisco del Mar
20,142,20142,Oaxaca,San Francisco Huehuetlán
20,143,20143,Oaxaca,San Francisco Ixhuatán
20,144,20144,Oaxaca,San Francisco Jaltepetongo
20,145,20145,Oaxaca,San Francisco Lachigoló
20,146,20146,Oaxaca,San Francisco Logueche
20,147,20147,Oaxaca,San Francisco Nuxaño
20,148,20148,Oaxaca,San Francisco Ozolotepec
20,149,20149,Oaxaca,San Francisco Sola
20,150,20150,Oaxaca,San Francisco Telixtlahuaca
20,151,20151,Oaxaca,San Francisco Teopan
20,152,20152,Oaxaca,San Francisco Tlapancingo
20,153,20153,Oaxaca,San Gabriel Mixtepec
20,154,20154,Oaxaca,San Ildefonso Amatlán
20,155,20155,Oaxaca,San Ildefonso Sola
20,156,20156,Oaxaca,San Ildefonso Villa Alta
20,157,20157,Oaxaca,San Jacinto Amilpas
20,158,20158,Oaxaca,San Jacinto Tlacotepec
20,159,20159,Oaxaca,San Jerónimo Coatlán
20,160,20160,Oaxaca,San Jerónimo Silacayoapilla
20,161,20161,Oaxaca,San Jerónimo Sosola
20,162,20162,Oaxaca,San Jerónimo Taviche
20,163,20163,Oaxaca,San Jerónimo Tecóatl
20,164,20164,Oaxaca,San Jorge Nuchita
20,165,20165,Oaxaca,San José Ayuquila
20,166,20166,Oaxaca,San José Chiltepec
20,167,20167,Oaxaca,San José del Peñasco
20,168,20168,Oaxaca,San José Estancia Grande
20,169,20169,Oaxaca,San José Independencia
20,170,20170,Oaxaca,San José Lachiguiri
20,171,20171,Oaxaca,San José Tenango
20,172,20172,Oaxaca,San Juan Achiutla
20,173,20173,Oaxaca,San Juan Atepec
20,174,20174,Oaxaca,Ánimas Trujano
20,175,20175,Oaxaca,San Juan Bautista Atatlahuca
20,176,20176,Oaxaca,San Juan Bautista Coixtlahuaca
20,177,20177,Oaxaca,San Juan Bautista Cuicatlán
20,178,20178,Oaxaca,San Juan Bautista Guelache
20,179,20179,Oaxaca,San Juan Bautista Jayacatlán
20,180,20180,Oaxaca,San Juan Bautista Lo de Soto
20,181,20181,Oaxaca,San Juan Bautista Suchitepec
20,182,20182,Oaxaca,San Juan Bautista Tlacoatzintepec
20,183,20183,Oaxaca,San Juan Bautista Tlachichilco
20,184,20184,Oaxaca,San Juan Bautista Tuxtepec
20,185,20185,Oaxaca,San Juan Cacahuatepec
20,186,20186,Oaxaca,San Juan Cieneguilla
20,187,20187,Oaxaca,San Juan Coatzóspam
20,188,20188,Oaxaca,San Juan Colorado
20,189,20189,Oaxaca,San Juan Comaltepec
20,190,20190,Oaxaca,San Juan Cotzocón
20,191,20191,Oaxaca,San Juan Chicomezúchil
20,192,20192,Oaxaca,San Juan Chilateca
20,193,20193,Oaxaca,San Juan del Estado
20,194,20194,Oaxaca,San Juan del Río
20,195,20195,Oaxaca,San Juan Diuxi
20,196,20196,Oaxaca,San Juan Evangelista Analco
20,197,20197,Oaxaca,San Juan Guelavía
20,198,20198,Oaxaca,San Juan Guichicovi
20,199,20199,Oaxaca,San Juan Ihualtepec
20,200,20200,Oaxaca,San Juan Juquila Mixes
20,201,20201,Oaxaca,San Juan Juquila Vijanos
20,202,20202,Oaxaca,San Juan Lachao
20,203,20203,Oaxaca,San Juan Lachigalla
20,204,20204,Oaxaca,San Juan Lajarcia
20,205,20205,Oaxaca,San Juan Lalana
20,206,20206,Oaxaca,San Juan de los Cués
20,207,20207,Oaxaca,San Juan Mazatlán
20,208,20208,Oaxaca,San Juan Mixtepec -Dto. 08 -
20,209,20209,Oaxaca,San Juan Mixtepec -Dto. 26 -
20,210,20210,Oaxaca,San Juan Ñumí
20,211,20211,Oaxaca,San Juan Ozolotepec
20,212,20212,Oaxaca,San Juan Petlapa
20,213,20213,Oaxaca,San Juan Quiahije
20,214,20214,Oaxaca,San Juan Quiotepec
20,215,20215,Oaxaca,San Juan Sayultepec
20,216,20216,Oaxaca,San Juan Tabaá
20,217,20217,Oaxaca,San Juan Tamazola
20,218,20218,Oaxaca,San Juan Teita
20,219,20219,Oaxaca,San Juan Teitipac
20,220,20220,Oaxaca,San Juan Tepeuxila
20,221,20221,Oaxaca,San Juan Teposcolula
20,222,20222,Oaxaca,San Juan Yaeé
20,223,20223,Oaxaca,San Juan Yatzona
20,224,20224,Oaxaca,San Juan Yucuita
20,225,20225,Oaxaca,San Lorenzo
20,226,20226,Oaxaca,San Lorenzo Albarradas
20,227,20227,Oaxaca,San Lorenzo Cacaotepec
20,228,20228,Oaxaca,San Lorenzo Cuaunecuiltitla
20,229,20229,Oaxaca,San Lorenzo Texmelúcan
20,230,20230,Oaxaca,San Lorenzo Victoria
20,231,20231,Oaxaca,San Lucas Camotlán
20,232,20232,Oaxaca,San Lucas Ojitlán
20,233,20233,Oaxaca,San Lucas Quiaviní
20,234,20234,Oaxaca,San Lucas Zoquiápam
20,235,20235,Oaxaca,San Luis Amatlán
20,236,20236,Oaxaca,San Marcial Ozolotepec
20,237,20237,Oaxaca,San Marcos Arteaga
20,238,20238,Oaxaca,San Martín de los Cansecos
20,239,20239,Oaxaca,San Martín Huamelúlpam
20,240,20240,Oaxaca,San Martín Itunyoso
20,241,20241,Oaxaca,San Martín Lachilá
20,242,20242,Oaxaca,San Martín Peras
20,243,20243,Oaxaca,San Martín Tilcajete
20,244,20244,Oaxaca,San Martín Toxpalan
20,245,20245,Oaxaca,San Martín Zacatepec
20,246,20246,Oaxaca,San Mateo Cajonos
20,247,20247,Oaxaca,Capulálpam de Méndez
20,248,20248,Oaxaca,San Mateo del Mar
20,249,20249,Oaxaca,San Mateo Yoloxochitlán
20,250,20250,Oaxaca,San Mateo Etlatongo
20,251,20251,Oaxaca,San Mateo Nejápam
20,252,20252,Oaxaca,San Mateo Peñasco
20,253,20253,Oaxaca,San Mateo Piñas
20,254,20254,Oaxaca,San Mateo Río Hondo
20,255,20255,Oaxaca,San Mateo Sindihui
20,256,20256,Oaxaca,San Mateo Tlapiltepec
20,257,20257,Oaxaca,San Melchor Betaza
20,258,20258,Oaxaca,San Miguel Achiutla
20,259,20259,Oaxaca,San Miguel Ahuehuetitlán
20,260,20260,Oaxaca,San Miguel Aloápam
20,261,20261,Oaxaca,San Miguel Amatitlán
20,262,20262,Oaxaca,San Miguel Amatlán
20,263,20263,Oaxaca,San Miguel Coatlán
20,264,20264,Oaxaca,San Miguel Chicahua
20,265,20265,Oaxaca,San Miguel Chimalapa
20,266,20266,Oaxaca,San Miguel del Puerto
20,267,20267,Oaxaca,San Miguel del Río
20,268,20268,Oaxaca,San Miguel Ejutla
20,269,20269,Oaxaca,San Miguel el Grande
20,270,20270,Oaxaca,San Miguel Huautla
20,271,20271,Oaxaca,San Miguel Mixtepec
20,272,20272,Oaxaca,San Miguel Panixtlahuaca
20,273,20273,Oaxaca,San Miguel Peras
20,274,20274,Oaxaca,San Miguel Piedras
20,275,20275,Oaxaca,San Miguel Quetzaltepec
20,276,20276,Oaxaca,San Miguel Santa Flor
20,277,20277,Oaxaca,Villa Sola de Vega
20,278,20278,Oaxaca,San Miguel Soyaltepec
20,279,20279,Oaxaca,San Miguel Suchixtepec
20,280,20280,Oaxaca,Villa Talea de Castro
20,281,20281,Oaxaca,San Miguel Tecomatlán
20,282,20282,Oaxaca,San Miguel Tenango
20,283,20283,Oaxaca,San Miguel Tequixtepec
20,284,20284,Oaxaca,San Miguel Tilquiápam
20,285,20285,Oaxaca,San Miguel Tlacamama
20,286,20286,Oaxaca,San Miguel Tlacotepec
20,287,20287,Oaxaca,San Miguel Tulancingo
20,288,20288,Oaxaca,San Miguel Yotao
20,289,20289,Oaxaca,San Nicolás
20,290,20290,Oaxaca,San Nicolás Hidalgo
20,291,20291,Oaxaca,San Pablo Coatlán
20,292,20292,Oaxaca,San Pablo Cuatro Venados
20,293,20293,Oaxaca,San Pablo Etla
20,294,20294,Oaxaca,San Pablo Huitzo
20,295,20295,Oaxaca,San Pablo Huixtepec
20,296,20296,Oaxaca,San Pablo Macuiltianguis
20,297,20297,Oaxaca,San Pablo Tijaltepec
20,298,20298,Oaxaca,San Pablo Villa de Mitla
20,299,20299,Oaxaca,San Pablo Yaganiza
20,300,20300,Oaxaca,San Pedro Amuzgos
20,301,20301,Oaxaca,San Pedro Apóstol
20,302,20302,Oaxaca,San Pedro Atoyac
20,303,20303,Oaxaca,San Pedro Cajonos
20,304,20304,Oaxaca,San Pedro Coxcaltepec Cántaros
20,305,20305,Oaxaca,San Pedro Comitancillo
20,306,20306,Oaxaca,San Pedro el Alto
20,307,20307,Oaxaca,San Pedro Huamelula
20,308,20308,Oaxaca,San Pedro Huilotepec
20,309,20309,Oaxaca,San Pedro Ixcatlán
20,310,20310,Oaxaca,San Pedro Ixtlahuaca
20,311,20311,Oaxaca,San Pedro Jaltepetongo
20,312,20312,Oaxaca,San Pedro Jicayán
20,313,20313,Oaxaca,San Pedro Jocotipac
20,314,20314,Oaxaca,San Pedro Juchatengo
20,315,20315,Oaxaca,San Pedro Mártir
20,316,20316,Oaxaca,San Pedro Mártir Quiechapa
20,317,20317,Oaxaca,San Pedro Mártir Yucuxaco
20,318,20318,Oaxaca,San Pedro Mixtepec -Dto. 22 -
20,319,20319,Oaxaca,San Pedro Mixtepec -Dto. 26 -
20,320,20320,Oaxaca,San Pedro Molinos
20,321,20321,Oaxaca,San Pedro Nopala
20,322,20322,Oaxaca,San Pedro Ocopetatillo
20,323,20323,Oaxaca,San Pedro Ocotepec
20,324,20324,Oaxaca,San Pedro Pochutla
20,325,20325,Oaxaca,San Pedro Quiatoni
20,326,20326,Oaxaca,San Pedro Sochiápam
20,327,20327,Oaxaca,San Pedro Tapanatepec
20,328,20328,Oaxaca,San Pedro Taviche
20,329,20329,Oaxaca,San Pedro Teozacoalco
20,330,20330,Oaxaca,San Pedro Teutila
20,331,20331,Oaxaca,San Pedro Tidaá
20,332,20332,Oaxaca,San Pedro Topiltepec
20,333,20333,Oaxaca,San Pedro Totolápam
20,334,20334,Oaxaca,Villa de Tututepec de Melchor Ocampo
20,335,20335,Oaxaca,San Pedro Yaneri
20,336,20336,Oaxaca,San Pedro Yólox
20,337,20337,Oaxaca,San Pedro y San Pablo Ayutla
20,338,20338,Oaxaca,Villa de Etla
20,339,20339,Oaxaca,San Pedro y San Pablo Teposcolula
20,340,20340,Oaxaca,San Pedro y San Pablo Tequixtepec
20,341,20341,Oaxaca,San Pedro Yucunama
20,342,20342,Oaxaca,San Raymundo Jalpan
20,343,20343,Oaxaca,San Sebastián Abasolo
20,344,20344,Oaxaca,San Sebastián Coatlán
20,345,20345,Oaxaca,San Sebastián Ixcapa
20,346,20346,Oaxaca,San Sebastián Nicananduta
20,347,20347,Oaxaca,San Sebastián Río Hondo
20,348,20348,Oaxaca,San Sebastián Tecomaxtlahuaca
20,349,20349,Oaxaca,San Sebastián Teitipac
20,350,20350,Oaxaca,San Sebastián Tutla
20,351,20351,Oaxaca,San Simón Almolongas
20,352,20352,Oaxaca,San Simón Zahuatlán
20,353,20353,Oaxaca,Santa Ana
20,354,20354,Oaxaca,Santa Ana Ateixtlahuaca
20,355,20355,Oaxaca,Santa Ana Cuauhtémoc
20,356,20356,Oaxaca,Santa Ana del Valle
20,357,20357,Oaxaca,Santa Ana Tavela
20,358,20358,Oaxaca,Santa Ana Tlapacoyan
20,359,20359,Oaxaca,Santa Ana Yareni
20,360,20360,Oaxaca,Santa Ana Zegache
20,361,20361,Oaxaca,Santa Catalina Quierí
20,362,20362,Oaxaca,Santa Catarina Cuixtla
20,363,20363,Oaxaca,Santa Catarina Ixtepeji
20,364,20364,Oaxaca,Santa Catarina Juquila
20,365,20365,Oaxaca,Santa Catarina Lachatao
20,366,20366,Oaxaca,Santa Catarina Loxicha
20,367,20367,Oaxaca,Santa Catarina Mechoacán
20,368,20368,Oaxaca,Santa Catarina Minas
20,369,20369,Oaxaca,Santa Catarina Quiané
20,370,20370,Oaxaca,Santa Catarina Tayata
20,371,20371,Oaxaca,Santa Catarina Ticuá
20,372,20372,Oaxaca,Santa Catarina Yosonotú
20,373,20373,Oaxaca,Santa Catarina Zapoquila
20,374,20374,Oaxaca,Santa Cruz Acatepec
20,375,20375,Oaxaca,Santa Cruz Amilpas
20,376,20376,Oaxaca,Santa Cruz de Bravo
20,377,20377,Oaxaca,Santa Cruz Itundujia
20,378,20378,Oaxaca,Santa Cruz Mixtepec
20,379,20379,Oaxaca,Santa Cruz Nundaco
20,380,20380,Oaxaca,Santa Cruz Papalutla
20,381,20381,Oaxaca,Santa Cruz Tacache de Mina
20,382,20382,Oaxaca,Santa Cruz Tacahua
20,383,20383,Oaxaca,Santa Cruz Tayata
20,384,20384,Oaxaca,Santa Cruz Xitla
20,385,20385,Oaxaca,Santa Cruz Xoxocotlán
20,386,20386,Oaxaca,Santa Cruz Zenzontepec
20,387,20387,Oaxaca,Santa Gertrudis
20,388,20388,Oaxaca,Santa Inés del Monte
20,389,20389,Oaxaca,Santa Inés Yatzeche
20,390,20390,Oaxaca,Santa Lucía del Camino
20,391,20391,Oaxaca,Santa Lucía Miahuatlán
20,392,20392,Oaxaca,Santa Lucía Monteverde
20,393,20393,Oaxaca,Santa Lucía Ocotlán
20,394,20394,Oaxaca,Santa María Alotepec
20,395,20395,Oaxaca,Santa María Apazco
20,396,20396,Oaxaca,Santa María la Asunción
20,397,20397,Oaxaca,Heroica Ciudad de Tlaxiaco
20,398,20398,Oaxaca,Ayoquezco de Aldama
20,399,20399,Oaxaca,Santa María Atzompa
20,400,20400,Oaxaca,Santa María Camotlán
20,401,20401,Oaxaca,Santa María Colotepec
20,402,20402,Oaxaca,Santa María Cortijo
20,403,20403,Oaxaca,Santa María Coyotepec
20,404,20404,Oaxaca,Santa María Chachoápam
20,405,20405,Oaxaca,Villa de Chilapa de Díaz
20,406,20406,Oaxaca,Santa María Chilchotla
20,407,20407,Oaxaca,Santa María Chimalapa
20,408,20408,Oaxaca,Santa María del Rosario
20,409,20409,Oaxaca,Santa María del Tule
20,410,20410,Oaxaca,Santa María Ecatepec
20,411,20411,Oaxaca,Santa María Guelacé
20,412,20412,Oaxaca,Santa María Guienagati
20,413,20413,Oaxaca,Santa María Huatulco
20,414,20414,Oaxaca,Santa María Huazolotitlán
20,415,20415,Oaxaca,Santa María Ipalapa
20,416,20416,Oaxaca,Santa María Ixcatlán
20,417,20417,Oaxaca,Santa María Jacatepec
20,418,20418,Oaxaca,Santa María Jalapa del Marqués
20,419,20419,Oaxaca,Santa María Jaltianguis
20,420,20420,Oaxaca,Santa María Lachixío
20,421,20421,Oaxaca,Santa María Mixtequilla
20,422,20422,Oaxaca,Santa María Nativitas
20,423,20423,Oaxaca,Santa María Nduayaco
20,424,20424,Oaxaca,Santa María Ozolotepec
20,425,20425,Oaxaca,Santa María Pápalo
20,426,20426,Oaxaca,Santa María Peñoles
20,427,20427,Oaxaca,Santa María Petapa
20,428,20428,Oaxaca,Santa María Quiegolani
20,429,20429,Oaxaca,Santa María Sola
20,430,20430,Oaxaca,Santa María Tataltepec
20,431,20431,Oaxaca,Santa María Tecomavaca
20,432,20432,Oaxaca,Santa María Temaxcalapa
20,433,20433,Oaxaca,Santa María Temaxcaltepec
20,434,20434,Oaxaca,Santa María Teopoxco
20,435,20435,Oaxaca,Santa María Tepantlali
20,436,20436,Oaxaca,Santa María Texcatitlán
20,437,20437,Oaxaca,Santa María Tlahuitoltepec
20,438,20438,Oaxaca,Santa María Tlalixtac
20,439,20439,Oaxaca,Santa María Tonameca
20,440,20440,Oaxaca,Santa María Totolapilla
20,441,20441,Oaxaca,Santa María Xadani
20,442,20442,Oaxaca,Santa María Yalina
20,443,20443,Oaxaca,Santa María Yavesía
20,444,20444,Oaxaca,Santa María Yolotepec
20,445,20445,Oaxaca,Santa María Yosoyúa
20,446,20446,Oaxaca,Santa María Yucuhiti
20,447,20447,Oaxaca,Santa María Zacatepec
20,448,20448,Oaxaca,Santa María Zaniza
20,449,20449,Oaxaca,Santa María Zoquitlán
20,450,20450,Oaxaca,Santiago Amoltepec
20,451,20451,Oaxaca,Santiago Apoala
20,452,20452,Oaxaca,Santiago Apóstol
20,453,20453,Oaxaca,Santiago Astata
20,454,20454,Oaxaca,Santiago Atitlán
20,455,20455,Oaxaca,Santiago Ayuquililla
20,456,20456,Oaxaca,Santiago Cacaloxtepec
20,457,20457,Oaxaca,Santiago Camotlán
20,458,20458,Oaxaca,Santiago Comaltepec
20,459,20459,Oaxaca,Santiago Chazumba
20,460,20460,Oaxaca,Santiago Choápam
20,461,20461,Oaxaca,Santiago del Río
20,462,20462,Oaxaca,Santiago Huajolotitlán
20,463,20463,Oaxaca,Santiago Huauclilla
20,464,20464,Oaxaca,Santiago Ihuitlán Plumas
20,465,20465,Oaxaca,Santiago Ixcuintepec
20,466,20466,Oaxaca,Santiago Ixtayutla
20,467,20467,Oaxaca,Santiago Jamiltepec
20,468,20468,Oaxaca,Santiago Jocotepec
20,469,20469,Oaxaca,Santiago Juxtlahuaca
20,470,20470,Oaxaca,Santiago Lachiguiri
20,471,20471,Oaxaca,Santiago Lalopa
20,472,20472,Oaxaca,Santiago Laollaga
20,473,20473,Oaxaca,Santiago Laxopa
20,474,20474,Oaxaca,Santiago Llano Grande
20,475,20475,Oaxaca,Santiago Matatlán
20,476,20476,Oaxaca,Santiago Miltepec
20,477,20477,Oaxaca,Santiago Minas
20,478,20478,Oaxaca,Santiago Nacaltepec
20,479,20479,Oaxaca,Santiago Nejapilla
20,480,20480,Oaxaca,Santiago Nundiche
20,481,20481,Oaxaca,Santiago Nuyoó
20,482,20482,Oaxaca,Santiago Pinotepa Nacional
20,483,20483,Oaxaca,Santiago Suchilquitongo
20,484,20484,Oaxaca,Santiago Tamazola
20,485,20485,Oaxaca,Santiago Tapextla
20,486,20486,Oaxaca,Villa Tejúpam de la Unión
20,487,20487,Oaxaca,Santiago Tenango
20,488,20488,Oaxaca,Santiago Tepetlapa
20,489,20489,Oaxaca,Santiago Tetepec
20,490,20490,Oaxaca,Santiago Texcalcingo
20,491,20491,Oaxaca,Santiago Textitlán
20,492,20492,Oaxaca,Santiago Tilantongo
20,493,20493,Oaxaca,Santiago Tillo
20,494,20494,Oaxaca,Santiago Tlazoyaltepec
20,495,20495,Oaxaca,Santiago Xanica
20,496,20496,Oaxaca,Santiago Xiacuí
20,497,20497,Oaxaca,Santiago Yaitepec
20,498,20498,Oaxaca,Santiago Yaveo
20,499,20499,Oaxaca,Santiago Yolomécatl
20,500,20500,Oaxaca,Santiago Yosondúa
20,501,20501,Oaxaca,Santiago Yucuyachi
20,502,20502,Oaxaca,Santiago Zacatepec
20,503,20503,Oaxaca,Santiago Zoochila
20,504,20504,Oaxaca,Nuevo Zoquiápam
20,505,20505,Oaxaca,Santo Domingo Ingenio
20,506,20506,Oaxaca,Santo Domingo Albarradas
20,507,20507,Oaxaca,Santo Domingo Armenta
20,508,20508,Oaxaca,Santo Domingo Chihuitán
20,509,20509,Oaxaca,Santo Domingo de Morelos
20,510,20510,Oaxaca,Santo Domingo Ixcatlán
20,511,20511,Oaxaca,Santo Domingo Nuxaá
20,512,20512,Oaxaca,Santo Domingo Ozolotepec
20,513,20513,Oaxaca,Santo Domingo Petapa
20,514,20514,Oaxaca,Santo Domingo Roayaga
20,515,20515,Oaxaca,Santo Domingo Tehuantepec
20,516,20516,Oaxaca,Santo Domingo Teojomulco
20,517,20517,Oaxaca,Santo Domingo Tepuxtepec
20,518,20518,Oaxaca,Santo Domingo Tlatayápam
20,519,20519,Oaxaca,Santo Domingo Tomaltepec
20,520,20520,Oaxaca,Santo Domingo Tonalá
20,521,20521,Oaxaca,Santo Domingo Tonaltepec
20,522,20522,Oaxaca,Santo Domingo Xagacía
20,523,20523,Oaxaca,Santo Domingo Yanhuitlán
20,524,20524,Oaxaca,Santo Domingo Yodohino
20,525,20525,Oaxaca,Santo Domingo Zanatepec
20,526,20526,Oaxaca,Santos Reyes Nopala
20,527,20527,Oaxaca,Santos Reyes Pápalo
20,528,20528,Oaxaca,Santos Reyes Tepejillo
20,529,20529,Oaxaca,Santos Reyes Yucuná
20,530,20530,Oaxaca,Santo Tomás Jalieza
20,531,20531,Oaxaca,Santo Tomás Mazaltepec
20,532,20532,Oaxaca,Santo Tomás Ocotepec
20,533,20533,Oaxaca,Santo Tomás Tamazulapan
20,534,20534,Oaxaca,San Vicente Coatlán
20,535,20535,Oaxaca,San Vicente Lachixío
20,536,20536,Oaxaca,San Vicente Nuñú
20,537,20537,Oaxaca,Silacayoápam
20,538,20538,Oaxaca,Sitio de Xitlapehua
20,539,20539,Oaxaca,Soledad Etla
20,540,20540,Oaxaca,Villa de Tamazulápam del Progreso
20,541,20541,Oaxaca,Tanetze de Zaragoza
20,542,20542,Oaxaca,Taniche
20,543,20543,Oaxaca,Tataltepec de Valdés
20,544,20544,Oaxaca,Teococuilco de Marcos Pérez
20,545,20545,Oaxaca,Teotitlán de Flores Magón
20,546,20546,Oaxaca,Teotitlán del Valle
20,547,20547,Oaxaca,Teotongo
20,548,20548,Oaxaca,Tepelmeme Villa de Morelos
20,549,20549,Oaxaca,Tezoatlán de Segura y Luna
20,550,20550,Oaxaca,San Jerónimo Tlacochahuaya
20,551,20551,Oaxaca,Tlacolula de Matamoros
20,552,20552,Oaxaca,Tlacotepec Plumas
20,553,20553,Oaxaca,Tlalixtac de Cabrera
20,554,20554,Oaxaca,Totontepec Villa de Morelos
20,555,20555,Oaxaca,Trinidad Zaachila
20,556,20556,Oaxaca,La Trinidad Vista Hermosa
20,557,20557,Oaxaca,Unión Hidalgo
20,558,20558,Oaxaca,Valerio Trujano
20,559,20559,Oaxaca,San Juan Bautista Valle Nacional
20,560,20560,Oaxaca,Villa Díaz Ordaz
20,561,20561,Oaxaca,Yaxe
20,562,20562,Oaxaca,Magdalena Yodocono de Porfirio Díaz
20,563,20563,Oaxaca,Yogana
20,564,20564,Oaxaca,Yutanduchi de Guerrero
20,565,20565,Oaxaca,Villa de Zaachila
20,566,20566,Oaxaca,San Mateo Yucutindó
20,567,20567,Oaxaca,Zapotitlán Lagunas
20,568,20568,Oaxaca,Zapotitlán Palmas
20,569,20569,Oaxaca,Santa Inés de Zaragoza
20,570,20570,Oaxaca,Zimatlán de Álvarez
21,1,21001,Puebla,Acajete
21,2,21002,Puebla,Acateno
21,3,21003,Puebla,Acatlán
21,4,21004,Puebla,Acatzingo
21,5,21005,Puebla,Acteopan
21,6,21006,Puebla,Ahuacatlán
21,7,21007,Puebla,Ahuatlán
21,8,21008,Puebla,Ahuazotepec
21,9,21009,Puebla,Ahuehuetitla
21,10,21010,Puebla,Ajalpan
21,11,21011,Puebla,Albino Zertuche
21,12,21012,Puebla,Aljojuca
21,13,21013,Puebla,Altepexi
21,14,21014,Puebla,Amixtlán
21,15,21015,Puebla,Amozoc
21,16,21016,Puebla,Aquixtla
21,17,21017,Puebla,Atempan
21,18,21018,Puebla,Atexcal
21,19,21019,Puebla,Atlixco
21,20,21020,Puebla,Atoyatempan
21,21,21021,Puebla,Atzala
21,22,21022,Puebla,Atzitzihuacán
21,23,21023,Puebla,Atzitzintla
21,24,21024,Puebla,Axutla
21,25,21025,Puebla,Ayotoxco de Guerrero
21,26,21026,Puebla,Calpan
21,27,21027,Puebla,Caltepec
21,28,21028,Puebla,Camocuautla
21,29,21029,Puebla,Caxhuacan
21,30,21030,Puebla,Coatepec
21,31,21031,Puebla,Coatzingo
21,32,21032,Puebla,Cohetzala
21,33,21033,Puebla,Cohuecan
21,34,21034,Puebla,Coronango
21,35,21035,Puebla,Coxcatlán
21,36,21036,Puebla,Coyomeapan
21,37,21037,Puebla,Coyotepec
21,38,21038,Puebla,Cuapiaxtla de Madero
21,39,21039,Puebla,Cuautempan
21,40,21040,Puebla,Cuautinchán
21,41,21041,Puebla,Cuautlancingo
21,42,21042,Puebla,Cuayuca de Andrade
21,43,21043,Puebla,Cuetzalan del Progreso
21,44,21044,Puebla,Cuyoaco
21,45,21045,Puebla,Chalchicomula de Sesma
21,46,21046,Puebla,Chapulco
21,47,21047,Puebla,Chiautla
21,48,21048,Puebla,Chiautzingo
21,49,21049,Puebla,Chiconcuautla
21,50,21050,Puebla,Chichiquila
21,51,21051,Puebla,Chietla
21,52,21052,Puebla,Chigmecatitlán
21,53,21053,Puebla,Chignahuapan
21,54,21054,Puebla,Chignautla
21,55,21055,Puebla,Chila
21,56,21056,Puebla,Chila de la Sal
21,57,21057,Puebla,Honey
21,58,21058,Puebla,Chilchotla
21,59,21059,Puebla,Chinantla
21,60,21060,Puebla,Domingo Arenas
21,61,21061,Puebla,Eloxochitlán
21,62,21062,Puebla,Epatlán
21,63,21063,Puebla,Esperanza
21,64,21064,Puebla,Francisco Z. Mena
21,65,21065,Puebla,General Felipe Ángeles
21,66,21066,Puebla,Guadalupe
21,67,21067,Puebla,Guadalupe Victoria
21,68,21068,Puebla,Hermenegildo Galeana
21,69,21069,Puebla,Huaquechula
21,70,21070,Puebla,Huatlatlauca
21,71,21071,Puebla,Huauchinango
21,72,21072,Puebla,Huehuetla
21,73,21073,Puebla,Huehuetlán el Chico
21,74,21074,Puebla,Huejotzingo
21,75,21075,Puebla,Hueyapan
21,76,21076,Puebla,Hueytamalco
21,77,21077,Puebla,Hueytlalpan
21,78,21078,Puebla,Huitzilan de Serdán
21,79,21079,Puebla,Huitziltepec
21,80,21080,Puebla,Atlequizayan
21,81,21081,Puebla,Ixcamilpa de Guerrero
21,82,21082,Puebla,Ixcaquixtla
21,83,21083,Puebla,Ixtacamaxtitlán
21,84,21084,Puebla,Ixtepec
21,85,21085,Puebla,Izúcar de Matamoros
21,86,21086,Puebla,Jalpan
21,87,21087,Puebla,Jolalpan
21,88,21088,Puebla,Jonotla
21,89,21089,Puebla,Jopala
21,90,21090,Puebla,Juan C. Bonilla
21,91,21091,Puebla,Juan Galindo
21,92,21092,Puebla,Juan N. Méndez
21,93,21093,Puebla,Lafragua
21,94,21094,Puebla,Libres
21,95,21095,Puebla,La Magdalena Tlatlauquitepec
21,96,21096,Puebla,Mazapiltepec de Juárez
21,97,21097,Puebla,Mixtla
21,98,21098,Puebla,Molcaxac
21,99,21099,Puebla,Cañada Morelos
21,100,21100,Puebla,Naupan
21,101,21101,Puebla,Nauzontla
21,102,21102,Puebla,Nealtican
21,103,21103,Puebla,Nicolás Bravo
21,104,21104,Puebla,Nopalucan
21,105,21105,Puebla,Ocotepec
21,106,21106,Puebla,Ocoyucan
21,107,21107,Puebla,Olintla
21,108,21108,Puebla,Oriental
21,109,21109,Puebla,Pahuatlán
21,110,21110,Puebla,Palmar de Bravo
21,111,21111,Puebla,Pantepec
21,112,21112,Puebla,Petlalcingo
21,113,21113,Puebla,Piaxtla
21,114,21114,Puebla,Puebla
21,115,21115,Puebla,Quecholac
21,116,21116,Puebla,Quimixtlán
21,117,21117,Puebla,Rafael Lara Grajales
21,118,21118,Puebla,Los Reyes de Juárez
21,119,21119,Puebla,San Andrés Cholula
21,120,21120,Puebla,San Antonio Cañada
21,121,21121,Puebla,San Diego la Mesa Tochimiltzingo
21,122,21122,Puebla,San Felipe Teotlalcingo
21,123,21123,Puebla,San Felipe Tepatlán
21,124,21124,Puebla,San Gabriel Chilac
21,125,21125,Puebla,San Gregorio Atzompa
21,126,21126,Puebla,San Jerónimo Tecuanipan
21,127,21127,Puebla,San Jerónimo Xayacatlán
21,128,21128,Puebla,San José Chiapa
21,129,21129,Puebla,San José Miahuatlán
21,130,21130,Puebla,San Juan Atenco
21,131,21131,Puebla,San Juan Atzompa
21,132,21132,Puebla,San Martín Texmelucan
21,133,21133,Puebla,San Martín Totoltepec
21,134,21134,Puebla,San Matías Tlalancaleca
21,135,21135,Puebla,San Miguel Ixitlán
21,136,21136,Puebla,San Miguel Xoxtla
21,137,21137,Puebla,San Nicolás Buenos Aires
21,138,21138,Puebla,San Nicolás de los Ranchos
21,139,21139,Puebla,San Pablo Anicano
21,140,21140,Puebla,San Pedro Cholula
21,141,21141,Puebla,San Pedro Yeloixtlahuaca
21,142,21142,Puebla,San Salvador el Seco
21,143,21143,Puebla,San Salvador el Verde
21,144,21144,Puebla,San Salvador Huixcolotla
21,145,21145,Puebla,San Sebastián Tlacotepec
21,146,21146,Puebla,Santa Catarina Tlaltempan
21,147,21147,Puebla,Santa Inés Ahuatempan
21,148,21148,Puebla,Santa Isabel Cholula
21,149,21149,Puebla,Santiago Miahuatlán
21,150,21150,Puebla,Huehuetlán el Grande
21,151,21151,Puebla,Santo Tomás Hueyotlipan
21,152,21152,Puebla,Soltepec
21,153,21153,Puebla,Tecali de Herrera
21,154,21154,Puebla,Tecamachalco
21,155,21155,Puebla,Tecomatlán
21,156,21156,Puebla,Tehuacán
21,157,21157,Puebla,Tehuitzingo
21,158,21158,Puebla,Tenampulco
21,159,21159,Puebla,Teopantlán
21,160,21160,Puebla,Teotlalco
21,161,21161,Puebla,Tepanco de López
21,162,21162,Puebla,Tepango de Rodríguez
21,163,21163,Puebla,Tepatlaxco de Hidalgo
21,164,21164,Puebla,Tepeaca
21,165,21165,Puebla,Tepemaxalco
21,166,21166,Puebla,Tepeojuma
21,167,21167,Puebla,Tepetzintla
21,168,21168,Puebla,Tepexco
21,169,21169,Puebla,Tepexi de Rodríguez
21,170,21170,Puebla,Tepeyahualco
21,171,21171,Puebla,Tepeyahualco de Cuauhtémoc
21,172,21172,Puebla,Tetela de Ocampo
21,173,21173,Puebla,Teteles de Avila Castillo
21,174,21174,Puebla,Teziutlán
21,175,21175,Puebla,Tianguismanalco
21,176,21176,Puebla,Tilapa
21,177,21177,Puebla,Tlacotepec de Benito Juárez
21,178,21178,Puebla,Tlacuilotepec
21,179,21179,Puebla,Tlachichuca
21,180,21180,Puebla,Tlahuapan
21,181,21181,Puebla,Tlaltenango
21,182,21182,Puebla,Tlanepantla
21,183,21183,Puebla,Tlaola
21,184,21184,Puebla,Tlapacoya
21,185,21185,Puebla,Tlapanalá
21,186,21186,Puebla,Tlatlauquitepec
21,187,21187,Puebla,Tlaxco
21,188,21188,Puebla,Tochimilco
21,189,21189,Puebla,Tochtepec
21,190,21190,Puebla,Totoltepec de Guerrero
21,191,21191,Puebla,Tulcingo
21,192,21192,Puebla,Tuzamapan de Galeana
21,193,21193,Puebla,Tzicatlacoyan
21,194,21194,Puebla,Venustiano Carranza
21,195,21195,Puebla,Vicente Guerrero
21,196,21196,Puebla,Xayacatlán de Bravo
21,197,21197,Puebla,Xicotepec
21,198,21198,Puebla,Xicotlán
21,199,21199,Puebla,Xiutetelco
21,200,21200,Puebla,Xochiapulco
21,201,21201,Puebla,Xochiltepec
21,202,21202,Puebla,Xochitlán de Vicente Suárez
21,203,21203,Puebla,Xochitlán Todos Santos
21,204,21204,Puebla,Yaonáhuac
21,205,21205,Puebla,Yehualtepec
21,206,21206,Puebla,Zacapala
21,207,21207,Puebla,Zacapoaxtla
21,208,21208,Puebla,Zacatlán
21,209,21209,Puebla,Zapotitlán
21,210,21210,Puebla,Zapotitlán de Méndez
21,211,21211,Puebla,Zaragoza
21,212,21212,Puebla,Zautla
21,213,21213,Puebla,Zihuateutla
21,214,21214,Puebla,Zinacatepec
21,215,21215,Puebla,Zongozotla
21,216,21216,Puebla,Zoquiapan
21,217,21217,Puebla,Zoquitlán
22,1,22001,Querétaro,Amealco de Bonfil
22,2,22002,Querétaro,Pinal de Amoles
22,3,22003,Querétaro,Arroyo Seco
22,4,22004,Querétaro,Cadereyta de Montes
22,5,22005,Querétaro,Colón
22,6,22006,Querétaro,Corregidora
22,7,22007,Querétaro,Ezequiel Montes
22,8,22008,Querétaro,Huimilpan
22,9,22009,Querétaro,Jalpan de Serra
22,10,22010,Querétaro,Landa de Matamoros
22,11,22011,Querétaro,El Marqués
22,12,22012,Querétaro,Pedro Escobedo
22,13,22013,Querétaro,Peñamiller
22,14,22014,Querétaro,Querétaro
22,15,22015,Querétaro,San Joaquín
22,16,22016,Querétaro,San Juan del Río
22,17,22017,Querétaro,Tequisquiapan
22,18,22018,Querétaro,Tolimán
23,1,23001,Quintana Roo,Cozumel
23,2,23002,Quintana Roo,Felipe Carrillo Puerto
23,3,23003,Quintana Roo,Isla Mujeres
23,4,23004,Quintana Roo,Othón P. Blanco
23,5,23005,Quintana Roo,Benito Juárez
23,6,23006,Quintana Roo,José María Morelos
23,7,23007,Quintana Roo,Lázaro Cárdenas
23,8,23008,Quintana Roo,Solidaridad
23,9,23009,Quintana Roo,Tulum
24,1,24001,San Luis Potosí,Ahualulco
24,2,24002,San Luis Potosí,Alaquines
24,3,24003,San Luis Potosí,Aquismón
24,4,24004,San Luis Potosí,Armadillo de los Infante
24,5,24005,San Luis Potosí,Cárdenas
24,6,24006,San Luis Potosí,Catorce
24,7,24007,San Luis Potosí,Cedral
24,8,24008,San Luis Potosí,Cerritos
24,9,24009,San Luis Potosí,Cerro de San Pedro
24,10,24010,San Luis Potosí,Ciudad del Maíz
24,11,24011,San Luis Potosí,Ciudad Fernández
24,12,24012,San Luis Potosí,Tancanhuitz
24,13,24013,San Luis Potosí,Ciudad Valles
24,14,24014,San Luis Potosí,Coxcatlán
24,15,24015,San Luis Potosí,Charcas
24,16,24016,San Luis Potosí,Ebano
24,17,24017,San Luis Potosí,Guadalcázar
24,18,24018,San Luis Potosí,Huehuetlán
24,19,24019,San Luis Potosí,Lagunillas
24,20,24020,San Luis Potosí,Matehuala
24,21,24021,San Luis Potosí,Mexquitic de Carmona
24,22,24022,San Luis Potosí,Moctezuma
24,23,24023,San Luis Potosí,Rayón
24,24,24024,San Luis Potosí,Rioverde
24,25,24025,San Luis Potosí,Salinas
24,26,24026,San Luis Potosí,San Antonio
24,27,24027,San Luis Potosí,San Ciro de Acosta
24,28,24028,San Luis Potosí,San Luis Potosí
24,29,24029,San Luis Potosí,San Martín Chalchicuautla
24,30,24030,San Luis Potosí,San Nicolás Tolentino
24,31,24031,San Luis Potosí,Santa Catarina
24,32,24032,San Luis Potosí,Santa María del Río
24,33,24033,San Luis Potosí,Santo Domingo
24,34,24034,San Luis Potosí,San Vicente Tancuayalab
24,35,24035,San Luis Potosí,Soledad de Graciano Sánchez
24,36,24036,San Luis Potosí,Tamasopo
24,37,24037,San Luis Potosí,Tamazunchale
24,38,24038,San Luis Potosí,Tampacán
24,39,24039,San Luis Potosí,Tampamolón Corona
24,40,24040,San Luis Potosí,Tamuín
24,41,24041,San Luis Potosí,Tanlajás
24,42,24042,San Luis Potosí,Tanquián de Escobedo
24,43,24043,San Luis Potosí,Tierra Nueva
24,44,24044,San Luis Potosí,Vanegas
24,45,24045,San Luis Potosí,Venado
24,46,24046,San Luis Potosí,Villa de Arriaga
24,47,24047,San Luis Potosí,Villa de Guadalupe
24,48,24048,San Luis Potosí,Villa de la Paz
24,49,24049,San Luis Potosí,Villa de Ramos
24,50,24050,San Luis Potosí,Villa de Reyes
24,51,24051,San Luis Potosí,Villa Hidalgo
24,52,24052,San Luis Potosí,Villa Juárez
24,53,24053,San Luis Potosí,Axtla de Terrazas
24,54,24054,San Luis Potosí,Xilitla
24,55,24055,San Luis Potosí,Zaragoza
24,56,24056,San Luis Potosí,Villa de Arista
24,57,24057,San Luis Potosí,Matlapa
24,58,24058,San Luis Potosí,El Naranjo
25,1,25001,Sinaloa,Ahome
25,2,25002,Sinaloa,Angostura
25,3,25003,Sinaloa,Badiraguato
25,4,25004,Sinaloa,Concordia
25,5,25005,Sinaloa,Cosalá
25,6,25006,Sinaloa,Culiacán
25,7,25007,Sinaloa,Choix
25,8,25008,Sinaloa,Elota
25,9,25009,Sinaloa,Escuinapa
25,10,25010,Sinaloa,El Fuerte
25,11,25011,Sinaloa,Guasave
25,12,25012,Sinaloa,Mazatlán
25,13,25013,Sinaloa,Mocorito
25,14,25014,Sinaloa,Rosario
25,15,25015,Sinaloa,Salvador Alvarado
25,16,25016,Sinaloa,San Ignacio
25,17,25017,Sinaloa,Sinaloa
25,18,25018,Sinaloa,Navolato
26,1,26001,Sonora,Aconchi
26,2,26002,Sonora,Agua Prieta
26,3,26003,Sonora,Alamos
26,4,26004,Sonora,Altar
26,5,26005,Sonora,Arivechi
26,6,26006,Sonora,Arizpe
26,7,26007,Sonora,Atil
26,8,26008,Sonora,Bacadéhuachi
26,9,26009,Sonora,Bacanora
26,10,26010,Sonora,Bacerac
26,11,26011,Sonora,Bacoachi
26,12,26012,Sonora,Bácum
26,13,26013,Sonora,Banámichi
26,14,26014,Sonora,Baviácora
26,15,26015,Sonora,Bavispe
26,16,26016,Sonora,Benjamín Hill
26,17,26017,Sonora,Caborca
26,18,26018,Sonora,Cajeme
26,19,26019,Sonora,Cananea
26,20,26020,Sonora,Carbó
26,21,26021,Sonora,La Colorada
26,22,26022,Sonora,Cucurpe
26,23,26023,Sonora,Cumpas
26,24,26024,Sonora,Divisaderos
26,25,26025,Sonora,Empalme
26,26,26026,Sonora,Etchojoa
26,27,26027,Sonora,Fronteras
26,28,26028,Sonora,Granados
26,29,26029,Sonora,Guaymas
26,30,26030,Sonora,Hermosillo
26,31,26031,Sonora,Huachinera
26,32,26032,Sonora,Huásabas
26,33,26033,Sonora,Huatabampo
26,34,26034,Sonora,Huépac
26,35,26035,Sonora,Imuris
26,36,26036,Sonora,Magdalena
26,37,26037,Sonora,Mazatán
26,38,26038,Sonora,Moctezuma
26,39,26039,Sonora,Naco
26,40,26040,Sonora,Nácori Chico
26,41,26041,Sonora,Nacozari de García
26,42,26042,Sonora,Navojoa
26,43,26043,Sonora,Nogales
26,44,26044,Sonora,Onavas
26,45,26045,Sonora,Opodepe
26,46,26046,Sonora,Oquitoa
26,47,26047,Sonora,Pitiquito
26,48,26048,Sonora,Puerto Peñasco
26,49,26049,Sonora,Quiriego
26,50,26050,Sonora,Rayón
26,51,26051,Sonora,Rosario
26,52,26052,Sonora,Sahuaripa
26,53,26053,Sonora,San Felipe de Jesús
26,54,26054,Sonora,San Javier
26,55,26055,Sonora,San Luis Río Colorado
26,56,26056,Sonora,San Miguel de Horcasitas
26,57,26057,Sonora,San Pedro de la Cueva
26,58,26058,Sonora,Santa Ana
26,59,26059,Sonora,Santa Cruz
26,60,26060,Sonora,Sáric
26,61,26061,Sonora,Soyopa
26,62,26062,Sonora,Suaqui Grande
26,63,26063,Sonora,Tepache
26,64,26064,Sonora,Trincheras
26,65,26065,Sonora,Tubutama
26,66,26066,Sonora,Ures
26,67,26067,Sonora,Villa Hidalgo
26,68,26068,Sonora,Villa Pesqueira
26,69,26069,Sonora,Yécora
26,70,26070,Sonora,General Plutarco Elías Calles
26,71,26071,Sonora,Benito Juárez
26,72,26072,Sonora,San Ignacio Río Muerto
27,1,27001,Tabasco,Balancán
27,2,27002,Tabasco,Cárdenas
27,3,27003,Tabasco,Centla
27,4,27004,Tabasco,Centro
27,5,27005,Tabasco,Comalcalco
27,6,27006,Tabasco,Cunduacán
27,7,27007,Tabasco,Emiliano Zapata
27,8,27008,Tabasco,Huimanguillo
27,9,27009,Tabasco,Jalapa
27,10,27010,Tabasco,Jalpa de Méndez
27,11,27011,Tabasco,Jonuta
27,12,27012,Tabasco,Macuspana
27,13,27013,Tabasco,Nacajuca
27,14,27014,Tabasco,Paraíso
27,15,27015,Tabasco,Tacotalpa
27,16,27016,Tabasco,Teapa
27,17,27017,Tabasco,Tenosique
28,1,28001,Tamaulipas,Abasolo
28,2,28002,Tamaulipas,Aldama
28,3,28003,Tamaulipas,Altamira
28,4,28004,Tamaulipas,Antiguo Morelos
28,5,28005,Tamaulipas,Burgos
28,6,28006,Tamaulipas,Bustamante
28,7,28007,Tamaulipas,Camargo
28,8,28008,Tamaulipas,Casas
28,9,28009,Tamaulipas,Ciudad Madero
28,10,28010,Tamaulipas,Cruillas
28,11,28011,Tamaulipas,Gómez Farías
28,12,28012,Tamaulipas,González
28,13,28013,Tamaulipas,Güémez
28,14,28014,Tamaulipas,Guerrero
28,15,28015,Tamaulipas,Gustavo Díaz Ordaz
28,16,28016,Tamaulipas,Hidalgo
28,17,28017,Tamaulipas,Jaumave
28,18,28018,Tamaulipas,Jiménez
28,19,28019,Tamaulipas,Llera
28,20,28020,Tamaulipas,Mainero
28,21,28021,Tamaulipas,El Mante
28,22,28022,Tamaulipas,Matamoros
28,23,28023,Tamaulipas,Méndez
28,24,28024,Tamaulipas,Mier
28,25,28025,Tamaulipas,Miguel Alemán
28,26,28026,Tamaulipas,Miquihuana
28,27,28027,Tamaulipas,Nuevo Laredo
28,28,28028,Tamaulipas,Nuevo Morelos
28,29,28029,Tamaulipas,Ocampo
28,30,28030,Tamaulipas,Padilla
28,31,28031,Tamaulipas,Palmillas
28,32,28032,Tamaulipas,Reynosa
28,33,28033,Tamaulipas,Río Bravo
28,34,28034,Tamaulipas,San Carlos
28,35,28035,Tamaulipas,San Fernando
28,36,28036,Tamaulipas,San Nicolás
28,37,28037,Tamaulipas,Soto la Marina
28,38,28038,Tamaulipas,Tampico
28,39,28039,Tamaulipas,Tula
28,40,28040,Tamaulipas,Valle Hermoso
28,41,28041,Tamaulipas,Victoria
28,42,28042,Tamaulipas,Villagrán
28,43,28043,Tamaulipas,Xicoténcatl
29,1,29001,Tlaxcala,Amaxac de Guerrero
29,2,29002,Tlaxcala,Apetatitlán de Antonio Carvajal
29,3,29003,Tlaxcala,Atlangatepec
29,4,29004,Tlaxcala,Atltzayanca
29,5,29005,Tlaxcala,Apizaco
29,6,29006,Tlaxcala,Calpulalpan
29,7,29007,Tlaxcala,El Carmen Tequexquitla
29,8,29008,Tlaxcala,Cuapiaxtla
29,9,29009,Tlaxcala,Cuaxomulco
29,10,29010,Tlaxcala,Chiautempan
29,11,29011,Tlaxcala,Muñoz de Domingo Arenas
29,12,29012,Tlaxcala,Españita
29,13,29013,Tlaxcala,Huamantla
29,14,29014,Tlaxcala,Hueyotlipan
29,15,29015,Tlaxcala,Ixtacuixtla de Mariano Matamoros
29,16,29016,Tlaxcala,Ixtenco
29,17,29017,Tlaxcala,Mazatecochco de José María Morelos
29,18,29018,Tlaxcala,Contla de Juan Cuamatzi
29,19,29019,Tlaxcala,Tepetitla de Lardizábal
29,20,29020,Tlaxcala,Sanctórum de Lázaro Cárdenas
29,21,29021,Tlaxcala,Nanacamilpa de Mariano Arista
29,22,29022,Tlaxcala,Acuamanala de Miguel Hidalgo
29,23,29023,Tlaxcala,Natívitas
29,24,29024,Tlaxcala,Panotla
29,25,29025,Tlaxcala,San Pablo del Monte
29,26,29026,Tlaxcala,Santa Cruz Tlaxcala
29,27,29027,Tlaxcala,Tenancingo
29,28,29028,Tlaxcala,Teolocholco
29,29,29029,Tlaxcala,Tepeyanco
29,30,29030,Tlaxcala,Terrenate
29,31,29031,Tlaxcala,Tetla de la Solidaridad
29,32,29032,Tlaxcala,Tetlatlahuca
29,33,29033,Tlaxcala,Tlaxcala
29,34,29034,Tlaxcala,Tlaxco
29,35,29035,Tlaxcala,Tocatlán
29,36,29036,Tlaxcala,Totolac
29,37,29037,Tlaxcala,Ziltlaltépec de Trinidad Sánchez Santos
29,38,29038,Tlaxcala,Tzompantepec
29,39,29039,Tlaxcala,Xaloztoc
29,40,29040,Tlaxcala,Xaltocan
29,41,29041,Tlaxcala,Papalotla de Xicohténcatl
29,42,29042,Tlaxcala,Xicohtzinco
29,43,29043,Tlaxcala,Yauhquemehcan
29,44,29044,Tlaxcala,Zacatelco
29,45,29045,Tlaxcala,Benito Juárez
29,46,29046,Tlaxcala,Emiliano Zapata
29,47,29047,Tlaxcala,Lázaro Cárdenas
29,48,29048,Tlaxcala,La Magdalena Tlaltelulco
29,49,29049,Tlaxcala,San Damián Texóloc
29,50,29050,Tlaxcala,San Francisco Tetlanohcan
29,51,29051,Tlaxcala,San Jerónimo Zacualpan
29,52,29052,Tlaxcala,San José Teacalco
29,53,29053,Tlaxcala,San Juan Huactzinco
29,54,29054,Tlaxcala,San Lorenzo Axocomanitla
29,55,29055,Tlaxcala,San Lucas Tecopilco
29,56,29056,Tlaxcala,Santa Ana Nopalucan
29,57,29057,Tlaxcala,Santa Apolonia Teacalco
29,58,29058,Tlaxcala,Santa Catarina Ayometla
29,59,29059,Tlaxcala,Santa Cruz Quilehtla
29,60,29060,Tlaxcala,Santa Isabel Xiloxoxtla
30,1,30001,Veracruz de Ignacio de la Llave,Acajete
30,2,30002,Veracruz de Ignacio de la Llave,Acatlán
30,3,30003,Veracruz de Ignacio de la Llave,Acayucan
30,4,30004,Veracruz de Ignacio de la Llave,Actopan
30,5,30005,Veracruz de Ignacio de la Llave,Acula
30,6,30006,Veracruz de Ignacio de la Llave,Acultzingo
30,7,30007,Veracruz de Ignacio de la Llave,Camarón de Tejeda
30,8,30008,Veracruz de Ignacio de la Llave,Alpatláhuac
30,9,30009,Veracruz de Ignacio de la Llave,Alto Lucero de Gutiérrez Barrios
30,10,30010,Veracruz de Ignacio de la Llave,Altotonga
30,11,30011,Veracruz de Ignacio de la Llave,Alvarado
30,12,30012,Veracruz de Ignacio de la Llave,Amatitlán
30,13,30013,Veracruz de Ignacio de la Llave,Naranjos Amatlán
30,14,30014,Veracruz de Ignacio de la Llave,Amatlán de los Reyes
30,15,30015,Veracruz de Ignacio de la Llave,Angel R. Cabada
30,16,30016,Veracruz de Ignacio de la Llave,La Antigua
30,17,30017,Veracruz de Ignacio de la Llave,Apazapan
30,18,30018,Veracruz de Ignacio de la Llave,Aquila
30,19,30019,Veracruz de Ignacio de la Llave,Astacinga
30,20,30020,Veracruz de Ignacio de la Llave,Atlahuilco
30,21,30021,Veracruz de Ignacio de la Llave,Atoyac
30,22,30022,Veracruz de Ignacio de la Llave,Atzacan
30,23,30023,Veracruz de Ignacio de la Llave,Atzalan
30,24,30024,Veracruz de Ignacio de la Llave,Tlaltetela
30,25,30025,Veracruz de Ignacio de la Llave,Ayahualulco
30,26,30026,Veracruz de Ignacio de la Llave,Banderilla
30,27,30027,Veracruz de Ignacio de la Llave,Benito Juárez
30,28,30028,Veracruz de Ignacio de la Llave,Boca del Río
30,29,30029,Veracruz de Ignacio de la Llave,Calcahualco
30,30,30030,Veracruz de Ignacio de la Llave,Camerino Z. Mendoza
30,31,30031,Veracruz de Ignacio de la Llave,Carrillo Puerto
30,32,30032,Veracruz de Ignacio de la Llave,Catemaco
30,33,30033,Veracruz de Ignacio de la Llave,Cazones de Herrera
30,34,30034,Veracruz de Ignacio de la Llave,Cerro Azul
30,35,30035,Veracruz de Ignacio de la Llave,Citlaltépetl
30,36,30036,Veracruz de Ignacio de la Llave,Coacoatzintla
30,37,30037,Veracruz de Ignacio de la Llave,Coahuitlán
30,38,30038,Veracruz de Ignacio de la Llave,Coatepec
30,39,30039,Veracruz de Ignacio de la Llave,Coatzacoalcos
30,40,30040,Veracruz de Ignacio de la Llave,Coatzintla
30,41,30041,Veracruz de Ignacio de la Llave,Coetzala
30,42,30042,Veracruz de Ignacio de la Llave,Colipa
30,43,30043,Veracruz de Ignacio de la Llave,Comapa
30,44,30044,Veracruz de Ignacio de la Llave,Córdoba
30,45,30045,Veracruz de Ignacio de la Llave,Cosamaloapan de Carpio
30,46,30046,Veracruz de Ignacio de la Llave,Cosautlán de Carvajal
30,47,30047,Veracruz de Ignacio de la Llave,Coscomatepec
30,48,30048,Veracruz de Ignacio de la Llave,Cosoleacaque
30,49,30049,Veracruz de Ignacio de la Llave,Cotaxtla
30,50,30050,Veracruz de Ignacio de la Llave,Coxquihui
30,51,30051,Veracruz de Ignacio de la Llave,Coyutla
30,52,30052,Veracruz de Ignacio de la Llave,Cuichapa
30,53,30053,Veracruz de Ignacio de la Llave,Cuitláhuac
30,54,30054,Veracruz de Ignacio de la Llave,Chacaltianguis
30,55,30055,Veracruz de Ignacio de la Llave,Chalma
30,56,30056,Veracruz de Ignacio de la Llave,Chiconamel
30,57,30057,Veracruz de Ignacio de la Llave,Chiconquiaco
30,58,30058,Veracruz de Ignacio de la Llave,Chicontepec
30,59,30059,Veracruz de Ignacio de la Llave,Chinameca
30,60,30060,Veracruz de Ignacio de la Llave,Chinampa de Gorostiza
30,61,30061,Veracruz de Ignacio de la Llave,Las Choapas
30,62,30062,Veracruz de Ignacio de la Llave,Chocamán
30,63,30063,Veracruz de Ignacio de la Llave,Chontla
30,64,30064,Veracruz de Ignacio de la Llave,Chumatlán
30,65,30065,Veracruz de Ignacio de la Llave,Emiliano Zapata
30,66,30066,Veracruz de Ignacio de la Llave,Espinal
30,67,30067,Veracruz de Ignacio de la Llave,Filomeno Mata
30,68,30068,Veracruz de Ignacio de la Llave,Fortín
30,69,30069,Veracruz de Ignacio de la Llave,Gutiérrez Zamora
30,70,30070,Veracruz de Ignacio de la Llave,Hidalgotitlán
30,71,30071,Veracruz de Ignacio de la Llave,Huatusco
30,72,30072,Veracruz de Ignacio de la Llave,Huayacocotla
30,73,30073,Veracruz de Ignacio de la Llave,Hueyapan de Ocampo
30,74,30074,Veracruz de Ignacio de la Llave,Huiloapan de Cuauhtémoc
30,75,30075,Veracruz de Ignacio de la Llave,Ignacio de la Llave
30,76,30076,Veracruz de Ignacio de la Llave,Ilamatlán
30,77,30077,Veracruz de Ignacio de la Llave,Isla
30,78,30078,Veracruz de Ignacio de la Llave,Ixcatepec
30,79,30079,Veracruz de Ignacio de la Llave,Ixhuacán de los Reyes
30,80,30080,Veracruz de Ignacio de la Llave,Ixhuatlán del Café
30,81,30081,Veracruz de Ignacio de la Llave,Ixhuatlancillo
30,82,30082,Veracruz de Ignacio de la Llave,Ixhuatlán del Sureste
30,83,30083,Veracruz de Ignacio de la Llave,Ixhuatlán de Madero
30,84,30084,Veracruz de Ignacio de la Llave,Ixmatlahuacan
30,85,30085,Veracruz de Ignacio de la Llave,Ixtaczoquitlán
30,86,30086,Veracruz de Ignacio de la Llave,Jalacingo
30,87,30087,Veracruz de Ignacio de la Llave,Xalapa
30,88,30088,Veracruz de Ignacio de la Llave,Jalcomulco
30,89,30089,Veracruz de Ignacio de la Llave,Jáltipan
30,90,30090,Veracruz de Ignacio de la Llave,Jamapa
30,91,30091,Veracruz de Ignacio de la Llave,Jesús Carranza
30,92,30092,Veracruz de Ignacio de la Llave,Xico
30,93,30093,Veracruz de Ignacio de la Llave,Jilotepec
30,94,30094,Veracruz de Ignacio de la Llave,Juan Rodríguez Clara
30,95,30095,Veracruz de Ignacio de la Llave,Juchique de Ferrer
30,96,30096,Veracruz de Ignacio de la Llave,Landero y Coss
30,97,30097,Veracruz de Ignacio de la Llave,Lerdo de Tejada
30,98,30098,Veracruz de Ignacio de la Llave,Magdalena
30,99,30099,Veracruz de Ignacio de la Llave,Maltrata
30,100,30100,Veracruz de Ignacio de la Llave,Manlio Fabio Altamirano
30,101,30101,Veracruz de Ignacio de la Llave,Mariano Escobedo
30,102,30102,Veracruz de Ignacio de la Llave,Martínez de la Torre
30,103,30103,Veracruz de Ignacio de la Llave,Mecatlán
30,104,30104,Veracruz de Ignacio de la Llave,Mecayapan
30,105,30105,Veracruz de Ignacio de la Llave,Medellín
30,106,30106,Veracruz de Ignacio de la Llave,Miahuatlán
30,107,30107,Veracruz de Ignacio de la Llave,Las Minas
30,108,30108,Veracruz de Ignacio de la Llave,Minatitlán
30,109,30109,Veracruz de Ignacio de la Llave,Misantla
30,110,30110,Veracruz de Ignacio de la Llave,Mixtla de Altamirano
30,111,30111,Veracruz de Ignacio de la Llave,Moloacán
30,112,30112,Veracruz de Ignacio de la Llave,Naolinco
30,113,30113,Veracruz de Ignacio de la Llave,Naranjal
30,114,30114,Veracruz de Ignacio de la Llave,Nautla
30,115,30115,Veracruz de Ignacio de la Llave,Nogales
30,116,30116,Veracruz de Ignacio de la Llave,Oluta
30,117,30117,Veracruz de Ignacio de la Llave,Omealca
30,118,30118,Veracruz de Ignacio de la Llave,Orizaba
30,119,30119,Veracruz de Ignacio de la Llave,Otatitlán
30,120,30120,Veracruz de Ignacio de la Llave,Oteapan
30,121,30121,Veracruz de Ignacio de la Llave,Ozuluama de Mascareñas
30,122,30122,Veracruz de Ignacio de la Llave,Pajapan
30,123,30123,Veracruz de Ignacio de la Llave,Pánuco
30,124,30124,Veracruz de Ignacio de la Llave,Papantla
30,125,30125,Veracruz de Ignacio de la Llave,Paso del Macho
30,126,30126,Veracruz de Ignacio de la Llave,Paso de Ovejas
30,127,30127,Veracruz de Ignacio de la Llave,La Perla
30,128,30128,Veracruz de Ignacio de la Llave,Perote
30,129,30129,Veracruz de Ignacio de la Llave,Platón Sánchez
30,130,30130,Veracruz de Ignacio de la Llave,Playa Vicente
30,131,30131,Veracruz de Ignacio de la Llave,Poza Rica de Hidalgo
30,132,30132,Veracruz de Ignacio de la Llave,Las Vigas de Ramírez
30,133,30133,Veracruz de Ignacio de la Llave,Pueblo Viejo
30,134,30134,Veracruz de Ignacio de la Llave,Puente Nacional
30,135,30135,Veracruz de Ignacio de la Llave,Rafael Delgado
30,136,30136,Veracruz de Ignacio de la Llave,Rafael Lucio
30,137,30137,Veracruz de Ignacio de la Llave,Los Reyes
30,138,30138,Veracruz de Ignacio de la Llave,Río Blanco
30,139,30139,Veracruz de Ignacio de la Llave,Saltabarranca
30,140,30140,Veracruz de Ignacio de la Llave,San Andrés Tenejapan
30,141,30141,Veracruz de Ignacio de la Llave,San Andrés Tuxtla
30,142,30142,Veracruz de Ignacio de la Llave,San Juan Evangelista
30,143,30143,Veracruz de Ignacio de la Llave,Santiago Tuxtla
30,144,30144,Veracruz de Ignacio de la Llave,Sayula de Alemán
30,145,30145,Veracruz de Ignacio de la Llave,Soconusco
30,146,30146,Veracruz de Ignacio de la Llave,Sochiapa
30,147,30147,Veracruz de Ignacio de la Llave,Soledad Atzompa
30,148,30148,Veracruz de Ignacio de la Llave,Soledad de Doblado
30,149,30149,Veracruz de Ignacio de la Llave,Soteapan
30,150,30150,Veracruz de Ignacio de la Llave,Tamalín
30,151,30151,Veracruz de Ignacio de la Llave,Tamiahua
30,152,30152,Veracruz de Ignacio de la Llave,Tampico Alto
30,153,30153,Veracruz de Ignacio de la Llave,Tancoco
30,154,30154,Veracruz de Ignacio de la Llave,Tantima
30,155,30155,Veracruz de Ignacio de la Llave,Tantoyuca
30,156,30156,Veracruz de Ignacio de la Llave,Tatatila
30,157,30157,Veracruz de Ignacio de la Llave,Castillo de Teayo
30,158,30158,Veracruz de Ignacio de la Llave,Tecolutla
30,159,30159,Veracruz de Ignacio de la Llave,Tehuipango
30,160,30160,Veracruz de Ignacio de la Llave,Álamo Temapache
30,161,30161,Veracruz de Ignacio de la Llave,Tempoal
30,162,30162,Veracruz de Ignacio de la Llave,Tenampa
30,163,30163,Veracruz de Ignacio de la Llave,Tenochtitlán
30,164,30164,Veracruz de Ignacio de la Llave,Teocelo
30,165,30165,Veracruz de Ignacio de la Llave,Tepatlaxco
30,166,30166,Veracruz de Ignacio de la Llave,Tepetlán
30,167,30167,Veracruz de Ignacio de la Llave,Tepetzintla
30,168,30168,Veracruz de Ignacio de la Llave,Tequila
30,169,30169,Veracruz de Ignacio de la Llave,José Azueta
30,170,30170,Veracruz de Ignacio de la Llave,Texcatepec
30,171,30171,Veracruz de Ignacio de la Llave,Texhuacán
30,172,30172,Veracruz de Ignacio de la Llave,Texistepec
30,173,30173,Veracruz de Ignacio de la Llave,Tezonapa
30,174,30174,Veracruz de Ignacio de la Llave,Tierra Blanca
30,175,30175,Veracruz de Ignacio de la Llave,Tihuatlán
30,176,30176,Veracruz de Ignacio de la Llave,Tlacojalpan
30,177,30177,Veracruz de Ignacio de la Llave,Tlacolulan
30,178,30178,Veracruz de Ignacio de la Llave,Tlacotalpan
30,179,30179,Veracruz de Ignacio de la Llave,Tlacotepec de Mejía
30,180,30180,Veracruz de Ignacio de la Llave,Tlachichilco
30,181,30181,Veracruz de Ignacio de la Llave,Tlalixcoyan
30,182,30182,Veracruz de Ignacio de la Llave,Tlalnelhuayocan
30,183,30183,Veracruz de Ignacio de la Llave,Tlapacoyan
30,184,30184,Veracruz de Ignacio de la Llave,Tlaquilpa
30,185,30185,Veracruz de Ignacio de la Llave,Tlilapan
30,186,30186,Veracruz de Ignacio de la Llave,Tomatlán
30,187,30187,Veracruz de Ignacio de la Llave,Tonayán
30,188,30188,Veracruz de Ignacio de la Llave,Totutla
30,189,30189,Veracruz de Ignacio de la Llave,Tuxpan
30,190,30190,Veracruz de Ignacio de la Llave,Tuxtilla
30,191,30191,Veracruz de Ignacio de la Llave,Ursulo Galván
30,192,30192,Veracruz de Ignacio de la Llave,Vega de Alatorre
30,193,30193,Veracruz de Ignacio de la Llave,Veracruz
30,194,30194,Veracruz de Ignacio de la Llave,Villa Aldama
30,195,30195,Veracruz de Ignacio de la Llave,Xoxocotla
30,196,30196,Veracruz de Ignacio de la Llave,Yanga
30,197,30197,Veracruz de Ignacio de la Llave,Yecuatla
30,198,30198,Veracruz de Ignacio de la Llave,Zacualpan
30,199,30199,Veracruz de Ignacio de la Llave,Zaragoza
30,200,30200,Veracruz de Ignacio de la Llave,Zentla
30,201,30201,Veracruz de Ignacio de la Llave,Zongolica
30,202,30202,Veracruz de Ignacio de la Llave,Zontecomatlán de López y Fuentes
30,203,30203,Veracruz de Ignacio de la Llave,Zozocolco de Hidalgo
30,204,30204,Veracruz de Ignacio de la Llave,Agua Dulce
30,205,30205,Veracruz de Ignacio de la Llave,El Higo
30,206,30206,Veracruz de Ignacio de la Llave,Nanchital de Lázaro Cárdenas del Río
30,207,30207,Veracruz de Ignacio de la Llave,Tres Valles
30,208,30208,Veracruz de Ignacio de la Llave,Carlos A. Carrillo
30,209,30209,Veracruz de Ignacio de la Llave,Tatahuicapan de Juárez
30,210,30210,Veracruz de Ignacio de la Llave,Uxpanapa
30,211,30211,Veracruz de Ignacio de la Llave,San Rafael
30,212,30212,Veracruz de Ignacio de la Llave,Santiago Sochiapan
31,1,31001,Yucatán,Abalá
31,2,31002,Yucatán,Acanceh
31,3,31003,Yucatán,Akil
31,4,31004,Yucatán,Baca
31,5,31005,Yucatán,Bokobá
31,6,31006,Yucatán,Buctzotz
31,7,31007,Yucatán,Cacalchén
31,8,31008,Yucatán,Calotmul
31,9,31009,Yucatán,Cansahcab
31,10,31010,Yucatán,Cantamayec
31,11,31011,Yucatán,Celestún
31,12,31012,Yucatán,Cenotillo
31,13,31013,Yucatán,Conkal
31,14,31014,Yucatán,Cuncunul
31,15,31015,Yucatán,Cuzamá
31,16,31016,Yucatán,Chacsinkín
31,17,31017,Yucatán,Chankom
31,18,31018,Yucatán,Chapab
31,19,31019,Yucatán,Chemax
31,20,31020,Yucatán,Chicxulub Pueblo
31,21,31021,Yucatán,Chichimilá
31,22,31022,Yucatán,Chikindzonot
31,23,31023,Yucatán,Chocholá
31,24,31024,Yucatán,Chumayel
31,25,31025,Yucatán,Dzán
31,26,31026,Yucatán,Dzemul
31,27,31027,Yucatán,Dzidzantún
31,28,31028,Yucatán,Dzilam de Bravo
31,29,31029,Yucatán,Dzilam González
31,30,31030,Yucatán,Dzitás
31,31,31031,Yucatán,Dzoncauich
31,32,31032,Yucatán,Espita
31,33,31033,Yucatán,Halachó
31,34,31034,Yucatán,Hocabá
31,35,31035,Yucatán,Hoctún
31,36,31036,Yucatán,Homún
31,37,31037,Yucatán,Huhí
31,38,31038,Yucatán,Hunucmá
31,39,31039,Yucatán,Ixil
31,40,31040,Yucatán,Izamal
31,41,31041,Yucatán,Kanasín
31,42,31042,Yucatán,Kantunil
31,43,31043,Yucatán,Kaua
31,44,31044,Yucatán,Kinchil
31,45,31045,Yucatán,Kopomá
31,46,31046,Yucatán,Mama
31,47,31047,Yucatán,Maní
31,48,31048,Yucatán,Maxcanú
31,49,31049,Yucatán,Mayapán
31,50,31050,Yucatán,Mérida
31,51,31051,Yucatán,Mocochá
31,52,31052,Yucatán,Motul
31,53,31053,Yucatán,Muna
31,54,31054,Yucatán,Muxupip
31,55,31055,Yucatán,Opichén
31,56,31056,Yucatán,Oxkutzcab
31,57,31057,Yucatán,Panabá
31,58,31058,Yucatán,Peto
31,59,31059,Yucatán,Progreso
31,60,31060,Yucatán,Quintana Roo
31,61,31061,Yucatán,Río Lagartos
31,62,31062,Yucatán,Sacalum
31,63,31063,Yucatán,Samahil
31,64,31064,Yucatán,Sanahcat
31,65,31065,Yucatán,San Felipe
31,66,31066,Yucatán,Santa Elena
31,67,31067,Yucatán,Seyé
31,68,31068,Yucatán,Sinanché
31,69,31069,Yucatán,Sotuta
31,70,31070,Yucatán,Sucilá
31,71,31071,Yucatán,Sudzal
31,72,31072,Yucatán,Suma
31,73,31073,Yucatán,Tahdziú
31,74,31074,Yucatán,Tahmek
31,75,31075,Yucatán,Teabo
31,76,31076,Yucatán,Tecoh
31,77,31077,Yucatán,Tekal de Venegas
31,78,31078,Yucatán,Tekantó
31,79,31079,Yucatán,Tekax
31,80,31080,Yucatán,Tekit
31,81,31081,Yucatán,Tekom
31,82,31082,Yucatán,Telchac Pueblo
31,83,31083,Yucatán,Telchac Puerto
31,84,31084,Yucatán,Temax
31,85,31085,Yucatán,Temozón
31,86,31086,Yucatán,Tepakán
31,87,31087,Yucatán,Tetiz
31,88,31088,Yucatán,Teya
31,89,31089,Yucatán,Ticul
31,90,31090,Yucatán,Timucuy
31,91,31091,Yucatán,Tinum
31,92,31092,Yucatán,Tixcacalcupul
31,93,31093,Yucatán,Tixkokob
31,94,31094,Yucatán,Tixmehuac
31,95,31095,Yucatán,Tixpéhual
31,96,31096,Yucatán,Tizimín
31,97,31097,Yucatán,Tunkás
31,98,31098,Yucatán,Tzucacab
31,99,31099,Yucatán,Uayma
31,100,31100,Yucatán,Ucú
31,101,31101,Yucatán,Umán
31,102,31102,Yucatán,Valladolid
31,103,31103,Yucatán,Xocchel
31,104,31104,Yucatán,Yaxcabá
31,105,31105,Yucatán,Yaxkukul
31,106,31106,Yucatán,Yobaín
32,1,32001,Zacatecas,Apozol
32,2,32002,Zacatecas,Apulco
32,3,32003,Zacatecas,Atolinga
32,4,32004,Zacatecas,Benito Juárez
32,5,32005,Zacatecas,Calera
32,6,32006,Zacatecas,Cañitas de Felipe Pescador
32,7,32007,Zacatecas,Concepción del Oro
32,8,32008,Zacatecas,Cuauhtémoc
32,9,32009,Zacatecas,Chalchihuites
32,10,32010,Zacatecas,Fresnillo
32,11,32011,Zacatecas,Trinidad García de la Cadena
32,12,32012,Zacatecas,Genaro Codina
32,13,32013,Zacatecas,General Enrique Estrada
32,14,32014,Zacatecas,General Francisco R. Murguía
32,15,32015,Zacatecas,El Plateado de Joaquín Amaro
32,16,32016,Zacatecas,General Pánfilo Natera
32,17,32017,Zacatecas,Guadalupe
32,18,32018,Zacatecas,Huanusco
32,19,32019,Zacatecas,Jalpa
32,20,32020,Zacatecas,Jerez
32,21,32021,Zacatecas,Jiménez del Teul
32,22,32022,Zacatecas,Juan Aldama
32,23,32023,Zacatecas,Juchipila
32,24,32024,Zacatecas,Loreto
32,25,32025,Zacatecas,Luis Moya
32,26,32026,Zacatecas,Mazapil
32,27,32027,Zacatecas,Melchor Ocampo
32,28,32028,Zacatecas,Mezquital del Oro
32,29,32029,Zacatecas,Miguel Auza
32,30,32030,Zacatecas,Momax
32,31,32031,Zacatecas,Monte Escobedo
32,32,32032,Zacatecas,Morelos
32,33,32033,Zacatecas,Moyahua de Estrada
32,34,32034,Zacatecas,Nochistlán de Mejía
32,35,32035,Zacatecas,Noria de Ángeles
32,36,32036,Zacatecas,Ojocaliente
32,37,32037,Zacatecas,Pánuco
32,38,32038,Zacatecas,Pinos
32,39,32039,Zacatecas,Río Grande
32,40,32040,Zacatecas,Sain Alto
32,41,32041,Zacatecas,El Salvador
32,42,32042,Zacatecas,Sombrerete
32,43,32043,Zacatecas,Susticacán
32,44,32044,Zacatecas,Tabasco
32,45,32045,Zacatecas,Tepechitlán
32,46,32046,Zacatecas,Tepetongo
32,47,32047,Zacatecas,Teúl de González Ortega
32,48,32048,Zacatecas,Tlaltenango de Sánchez Román
32,49,32049,Zacatecas,Valparaíso
32,50,32050,Zacatecas,Vetagrande
32,51,32051,Zacatecas,Villa de Cos
32,52,32052,Zacatecas,Villa García
32,53,32053,Zacatecas,Villa González Ortega
32,54,32054,Zacatecas,Villa Hidalgo
32,55,32055,Zacatecas,Villanueva
32,56,32056,Zacatecas,Zacatecas
32,57,32057,Zacatecas,Trancoso
32,58,32058,Zacatecas,Santa María de la Paz